	Well	tau_values	tau_index	GrowthRates	growth_rates_index	saturate_values	saturate_index	saturation_time
0	A1	1.44e-05	8	24666.34357290725	12	0.8116666666666666	32	5.76e-05
1	A2	1.26e-05	7	34516.9068866387	11	0.8763333333333333	32	5.76e-05
2	A3	1.08e-05	6	15533.931536235634	15	0.7616666666666667	32	5.76e-05
3	A4	1.26e-05	7	19186.301863117857	12	0.8933333333333334	32	5.76e-05
4	A5	1.08e-05	6	72074.42569077235	11	0.7676666666666666	32	5.76e-05
5	A6	1.08e-05	6	16644.094092401723	15	0.7833333333333333	32	5.76e-05
6	A7	1.08e-05	6	51081.482076454784	12	0.7573333333333333	32	5.76e-05
7	A8	1.08e-05	6	62096.485289715405	10	0.8486666666666666	32	5.76e-05
8	A9	1.26e-05	7	15906.49674402886	15	0.7736666666666666	32	5.76e-05
9	A10	1.08e-05	6	17007.81266693863	14	0.7566666666666667	32	5.76e-05
10	A11	1.26e-05	7	15011.307085854316	16	0.738	32	5.76e-05
11	A12	1.26e-05	7	17717.027434013526	13	0.8156666666666667	32	5.76e-05
12	A13	1.26e-05	7	25745.348785191378	12	0.9316666666666666	32	5.76e-05
13	A14	1.26e-05	7	22931.04060904095	17	0.9366666666666666	32	5.76e-05
14	A15	1.26e-05	7	17187.432748857947	16	0.7223333333333333	32	5.76e-05
15	A16	1.26e-05	7	56376.16475777008	11	0.7663333333333334	32	5.76e-05
16	A17	1.26e-05	7	29089.33301047178	16	0.8769999999999999	32	5.76e-05
17	A18	1.26e-05	7	25307.49233572508	16	0.8156666666666667	31	5.58e-05
18	A19	1.26e-05	7	34072.56082973845	12	0.6970000000000001	32	5.76e-05
19	A20	1.08e-05	6	14650.82625761957	16	0.7363333333333334	32	5.76e-05
20	A21	1.08e-05	6	30169.476596668716	15	0.8623333333333333	32	5.76e-05
21	A22	1.26e-05	7	29570.23454567332	13	0.797	32	5.76e-05
22	A23	1.08e-05	6	22612.73742840839	15	0.6880000000000001	32	5.76e-05
23	A24	1.08e-05	6	20522.257805446356	16	0.7280000000000001	32	5.76e-05
24	B1	1.26e-05	7	13859.216597890418	15	0.7483333333333334	32	5.76e-05
25	B2	1.26e-05	7	12655.957226260361	14	0.7760000000000001	32	5.76e-05
26	B3	1.08e-05	6	11501.184098345528	15	0.7239999999999999	32	5.76e-05
27	B4	1.26e-05	7	10884.310982633755	14	0.8093333333333333	32	5.76e-05
28	B5	1.08e-05	6	148241.60382261666	9	0.7313333333333333	32	5.76e-05
29	B6	1.26e-05	7	14034.664187313358	10	0.7433333333333333	32	5.76e-05
30	B7	1.26e-05	7	17477.89532693909	10	1.1276666666666666	30	5.4e-05
31	B8	1.26e-05	7	6985.495612847483	15	0.762	32	5.76e-05
32	B9	1.44e-05	8	7763.302981071931	11	0.7303333333333333	32	5.76e-05
33	B10	1.08e-05	6	53449.194395859995	10	0.7366666666666667	32	5.76e-05
34	B11	1.26e-05	7	40764.604531513905	10	0.8806666666666666	21	3.78e-05
35	B12	1.26e-05	7	21904.41352940892	10	0.7806666666666667	32	5.76e-05
36	B13	1.26e-05	7	23317.598155274023	10	0.8903333333333334	31	5.58e-05
37	B14	1.44e-05	8	24857.8634505558	12	0.851	32	5.76e-05
38	B15	1.08e-05	6	63332.56139430256	10	0.7256666666666667	32	5.76e-05
39	B16	1.26e-05	7	5387.506021504902	12	0.7713333333333333	32	5.76e-05
40	B17	1.26e-05	7	55190.47176746608	9	0.8023333333333333	31	5.58e-05
41	B18	1.44e-05	8	6816.906705700676	15	0.529	30	5.4e-05
42	B19	1.26e-05	7	14776.33290769964	10	0.719	32	5.76e-05
43	B20	1.26e-05	7	38900.12103109506	10	0.7326666666666667	32	5.76e-05
44	B21	1.08e-05	6	22705.96634884234	11	0.7719999999999999	31	5.58e-05
45	B22	1.08e-05	6	87876.62280692732	10	0.6623333333333333	31	5.58e-05
46	B23	1.26e-05	7	15974.704114472954	15	0.7216666666666667	32	5.76e-05
47	B24	1.08e-05	6	21883.056898730854	14	0.7143333333333333	32	5.76e-05
48	C1	1.26e-05	7	23165.438432236697	12	0.7440000000000001	32	5.76e-05
49	C2	1.08e-05	6	47297.6479388013	10	0.9003333333333333	32	5.76e-05
50	C3	1.08e-05	6	25598.818821946654	11	0.7516666666666666	32	5.76e-05
51	C4	1.08e-05	6	36225.66764279155	10	0.8866666666666667	24	4.32e-05
52	C5	1.08e-05	6	35496.38739108384	10	0.7413333333333334	32	5.76e-05
53	C6	1.08e-05	6	42860.09284382623	10	0.751	32	5.76e-05
54	C7	1.26e-05	7	9205.09918050208	11	0.7326666666666667	31	5.58e-05
55	C8	1.26e-05	7	1160.4674080508757	14	0.84	22	3.96e-05
56	C9	1.26e-05	7	10233.679071740122	15	0.7113333333333333	32	5.76e-05
57	C10	1.08e-05	6	34959.012323610405	10	0.7286666666666667	32	5.76e-05
58	C11	1.26e-05	7	16694.597272415227	11	0.7200000000000001	31	5.58e-05
59	C12	1.08e-05	6	5827.6303395096475	14	0.775	24	4.32e-05
60	C13	1.08e-05	6	21298.1301241974	17	1.054	32	5.76e-05
61	C14	1.26e-05	7	31423.042679181293	11	0.9569999999999999	29	5.22e-05
62	C15	1.26e-05	7	2355.7104426535952	11	0.7466666666666667	32	5.76e-05
63	C16	1.26e-05	7	5000.979659935139	10	0.7996666666666666	32	5.76e-05
64	C17	1.26e-05	7	4579.17978379241	10	0.8446666666666666	32	5.76e-05
65	C18	1.26e-05	7	19411.437772260262	13	0.7736666666666667	24	4.32e-05
66	C19	1.08e-05	6	46183.63475752304	10	0.7233333333333333	32	5.76e-05
67	C20	1.26e-05	7	27531.809476359194	10	0.718	32	5.76e-05
68	C21	1.08e-05	6	55779.83748415128	10	0.7893333333333334	31	5.58e-05
69	C22	1.44e-05	8	7268.90448023309	13	0.7336666666666667	26	4.68e-05
70	C23	1.08e-05	6	9650.562682851427	17	0.7120000000000001	32	5.76e-05
71	C24	1.08e-05	6	21841.276543683412	15	0.775	32	5.76e-05
72	D1	1.26e-05	7	13812.212330803459	17	0.7443333333333334	32	5.76e-05
73	D2	1.08e-05	6	13362.910037172342	17	0.8363333333333333	32	5.76e-05
74	D3	1.26e-05	7	-1433.6589380779526	12	0.7473333333333333	32	5.76e-05
75	D4	1.26e-05	7	6519.457269682015	11	0.822	29	5.22e-05
76	D5	1.08e-05	6	31152.232187186946	10	0.7293333333333334	32	5.76e-05
77	D6	1.26e-05	7	9318.709255903794	10	0.754	32	5.76e-05
78	D7	1.08e-05	6	39501.32600062797	10	1.1703333333333334	31	5.58e-05
79	D8	1.26e-05	7	8446.61923465383	14	0.7520000000000001	27	4.86e-05
80	D9	1.26e-05	7	-1776.3964445525683	10	0.7040000000000001	32	5.76e-05
81	D10	1.08e-05	6	10483.150485996744	15	0.7216666666666667	32	5.76e-05
82	D11	1.26e-05	7	13134.31280946692	16	0.862	23	4.14e-05
83	D12	1.08e-05	6	25534.623832598852	10	0.7303333333333333	25	4.5e-05
84	D13	1.08e-05	6	16808.611146467636	16	0.9296666666666668	29	5.22e-05
85	D14	1.26e-05	7	49555.74617454809	10	0.8946666666666667	30	5.4e-05
86	D15	1.26e-05	7	-292.52782736038597	12	0.7603333333333334	32	5.76e-05
87	D16	1.08e-05	6	13699.653479038985	12	0.834	32	5.76e-05
88	D17	1.26e-05	7	-2286.35301762698	11	0.7743333333333333	26	4.68e-05
89	D18	1.44e-05	8		15	0.4963333333333333	18	3.24e-05
90	D19	1.08e-05	6	179764.34427801272	9	0.6789999999999999	32	5.76e-05
91	D20	1.26e-05	7	5134.586360784975	11	0.714	29	5.22e-05
92	D21	1.26e-05	7	18729.459848619972	11	0.7633333333333333	28	5.04e-05
93	D22	1.26e-05	7	3210.6002090355614	11	0.6673333333333332	32	5.76e-05
94	D23	1.26e-05	7	9511.447098477109	17	0.718	32	5.76e-05
95	D24	1.08e-05	6	62775.587717922404	11	0.7079999999999999	32	5.76e-05
96	E1	1.08e-05	6	14364.83706657701	14	0.7456666666666667	32	5.76e-05
97	E2	1.08e-05	6	14407.375923130332	14	0.884	32	5.76e-05
98	E3	1.08e-05	6	118921.47536051898	9	0.757	32	5.76e-05
99	E4	1.08e-05	6	666.4044771479288	14	0.8559999999999999	25	4.5e-05
100	E5	1.26e-05	7	-2506.670649647674	10	0.7393333333333333	32	5.76e-05
101	E6	1.26e-05	7	6127.2748544605465	12	0.7376666666666667	32	5.76e-05
102	E7	1.08e-05	6	5280.6794089062705	12	0.7076666666666668	30	5.4e-05
103	E8	1.08e-05	6	26548.538119280467	10	0.8313333333333333	21	3.78e-05
104	E9	1.26e-05	7	-3740.224278537969	10	0.7163333333333334	32	5.76e-05
105	E10	1.08e-05	6	19788.127988990396	10	0.7413333333333334	32	5.76e-05
106	E11	1.26e-05	7	13276.187041915653	10	0.7146666666666666	30	5.4e-05
107	E12	1.08e-05	6	22327.966425745453	10	0.803	24	4.32e-05
108	E13	1.08e-05	6	14562.327458863025	18	1.037	32	5.76e-05
109	E14	1.26e-05	7	11176.384117892687	17	0.9276666666666666	27	4.86e-05
110	E15	1.26e-05	7	17852.185142888975	10	0.7743333333333333	32	5.76e-05
111	E16	1.26e-05	7	22818.971683829255	10	0.8040000000000002	32	5.76e-05
112	E17	1.08e-05	6	7914.332631826454	12	0.8313333333333333	28	5.04e-05
113	E18	1.26e-05	7	9723.658297851725	11	0.7793333333333333	25	4.5e-05
114	E19	1.26e-05	7	-3595.7001125471047	10	0.6646666666666666	32	5.76e-05
115	E20	1.08e-05	6	57885.12316309874	10	0.7296666666666667	32	5.76e-05
116	E21	1.26e-05	7	66330.77929811525	9	0.8036666666666669	31	5.58e-05
117	E22	1.08e-05	6	1925.8721017791395	11	0.7543333333333333	24	4.32e-05
118	E23	1.08e-05	6	80332.33502685443	10	0.7213333333333333	32	5.76e-05
119	E24	1.08e-05	6	72730.1297139961	10	0.7880000000000001	32	5.76e-05
120	F1	2.16e-05	12	12233.036897681493	14	0.7436666666666666	32	5.76e-05
121	F2	1.26e-05	7	38107.62422156463	10	0.8266666666666667	32	5.76e-05
122	F3	1.08e-05	6	152695.12097414065	9	0.7160000000000001	32	5.76e-05
123	F4	1.26e-05	7	13970.062771514635	9	0.7773333333333333	26	4.68e-05
124	F5	1.26e-05	7	14962.130718777655	10	0.7523333333333334	32	5.76e-05
125	F6	1.26e-05	7	-6767.767037531089	10	0.71	32	5.76e-05
126	F7	1.26e-05	7	39837.78833058064	10	1.1426666666666667	32	5.76e-05
127	F8	1.26e-05	7	10314.178533105975	10	0.7473333333333333	27	4.86e-05
128	F9	1.08e-05	6	33266.768703456335	10	0.7146666666666666	31	5.58e-05
129	F10	1.26e-05	7	2602.211357960385	12	0.7080000000000001	29	5.22e-05
130	F11	1.08e-05	6	56386.08932451564	10	0.8846666666666666	18	3.24e-05
131	F12	1.08e-05	6	3306.35631129409	15	0.7123333333333334	31	5.58e-05
132	F13	1.44e-05	8	7922.723475854365	17	0.9463333333333334	27	4.86e-05
133	F14	1.08e-05	6	35966.69649600948	11	0.89	28	5.04e-05
134	F15	1.26e-05	7	252.73945370965035	10	0.7963333333333334	32	5.76e-05
135	F16	1.26e-05	7	20334.45771949309	10	0.8126666666666665	32	5.76e-05
136	F17	1.08e-05	6	2104.591313230252	12	0.8113333333333334	24	4.32e-05
137	F18	1.44e-05	8	-6842.4105525316745	13	0.584	31	5.58e-05
138	F19	1.08e-05	6		11	0.582	15	2.7e-05
139	F20	1.26e-05	7	35804.38846936553	9	0.7333333333333333	32	5.76e-05
140	F21	1.44e-05	8	17551.16730353462	11	0.8063333333333333	31	5.58e-05
141	F22	1.26e-05	7	13903.646234016041	11	0.7053333333333333	31	5.58e-05
142	F23	1.08e-05	6		13	0.5533333333333333	15	2.7e-05
143	F24	1.26e-05	7	25162.258564443113	12	0.7076666666666666	32	5.76e-05
144	G1	1.26e-05	7	47578.67360972979	11	0.7643333333333334	32	5.76e-05
145	G2	1.08e-05	6	41676.364436605414	9	0.883	32	5.76e-05
146	G3	1.26e-05	7	-823.5951239233691	10	0.7513333333333333	32	5.76e-05
147	G4	1.08e-05	6	37442.98841723383	10	0.9443333333333334	25	4.5e-05
148	G5	1.26e-05	7	-982.5935320396093	11	0.7496666666666666	32	5.76e-05
149	G6	1.26e-05	7	-387.1289705334736	10	0.7543333333333333	32	5.76e-05
150	G7	1.26e-05	7	-9038.470140450323	11	0.7233333333333333	32	5.76e-05
151	G8	1.08e-05	6	1806.834437898234	14	0.8253333333333334	22	3.96e-05
152	G9	1.26e-05	7	11635.166956051893	15	0.7286666666666667	32	5.76e-05
153	G10	1.26e-05	7	10156.69906844665	15	0.7160000000000001	32	5.76e-05
154	G11	1.08e-05	6	1577.5821727059083	12	0.7103333333333333	28	5.04e-05
155	G12	1.08e-05	6	3938.0668781148947	14	0.7683333333333334	23	4.14e-05
156	G13	1.44e-05	8	15468.421600319221	17	1.0586666666666666	31	5.58e-05
157	G14	1.08e-05	6	16367.377558947666	14	0.9446666666666665	27	4.86e-05
158	G15	1.08e-05	6	5193.6583515706925	12	0.757	32	5.76e-05
159	G16	1.08e-05	6	7703.253723505884	15	0.7983333333333333	32	5.76e-05
160	G17	1.26e-05	7	9965.618868212594	11	0.8689999999999999	32	5.76e-05
161	G18	1.26e-05	7	12903.564508466734	15	0.8000000000000002	25	4.5e-05
162	G19	1.26e-05	7	27554.29822781502	9	0.7096666666666667	32	5.76e-05
163	G20	1.26e-05	7	24744.08263622141	10	0.786	32	5.76e-05
164	G21	1.08e-05	6	71492.43479425753	10	0.8153333333333332	31	5.58e-05
165	G22	1.08e-05	6	18419.08692349266	11	0.7676666666666666	25	4.5e-05
166	G23	1.26e-05	7	18001.89846059869	11	0.729	32	5.76e-05
167	G24	1.08e-05	6	28643.306080027647	12	0.7806666666666667	32	5.76e-05
168	H1	1.26e-05	7	11198.043542579684	15	0.773	32	5.76e-05
169	H2	1.26e-05	7	45888.0104284413	11	0.8140000000000001	32	5.76e-05
170	H3	1.08e-05	6	27798.80701278704	10	0.7543333333333333	32	5.76e-05
171	H4	1.26e-05	7	16449.371814400492	11	0.8493333333333334	32	5.76e-05
172	H5	1.08e-05	6	11682.32100562487	15	0.755	32	5.76e-05
173	H6	1.26e-05	7	4885.481931469588	10	0.7533333333333333	32	5.76e-05
174	H7	1.08e-05	6	35027.16451519059	10	1.1516666666666666	29	5.22e-05
175	H8	1.26e-05	7	6307.177736069284	15	0.7833333333333333	27	4.86e-05
176	H9	1.26e-05	7	1826.7603830047253	12	0.735	32	5.76e-05
177	H10	1.26e-05	7	-4612.894296602695	10	0.7296666666666667	29	5.22e-05
178	H11	1.26e-05	7		14	0.871	18	3.24e-05
179	H12	1.26e-05	7	2915.0865857762496	11	0.7186666666666666	27	4.86e-05
180	H13	1.08e-05	6	38980.32100427994	10	0.9806666666666666	29	5.22e-05
181	H14	1.08e-05	6	34689.36194405147	10	0.8973333333333334	29	5.22e-05
182	H15	1.26e-05	7	11513.277932886616	15	0.7876666666666668	32	5.76e-05
183	H16	1.26e-05	7	29838.415703419112	10	0.8493333333333334	32	5.76e-05
184	H17	1.26e-05	7	1674.9739159745804	11	0.8109999999999999	25	4.5e-05
185	H18	1.62e-05	9	7498.035511981453	15	0.574	31	5.58e-05
186	H19	1.26e-05	7	9669.902769573944	16	0.774	32	5.76e-05
187	H20	1.26e-05	7	16097.448424409193	10	0.753	32	5.76e-05
188	H21	1.26e-05	7	7221.730228017313	11	0.778	26	4.68e-05
189	H22	1.08e-05	6	80472.5936325483	10	0.6646666666666666	32	5.76e-05
190	H23	1.26e-05	7	8947.39566252094	16	0.7363333333333334	32	5.76e-05
191	H24	1.26e-05	7	14418.351285834875	15	0.7213333333333333	32	5.76e-05
192	I1	1.08e-05	6	63190.47877319196	11	0.7723333333333334	32	5.76e-05
193	I2	1.08e-05	6	10936.978302724267	16	0.8249999999999998	32	5.76e-05
194	I3	1.26e-05	7	12004.291217766227	16	0.746	32	5.76e-05
195	I4	1.26e-05	7	38045.7470822536	10	0.8653333333333334	25	4.5e-05
196	I5	1.08e-05	6	22404.902810349904	11	0.7826666666666666	32	5.76e-05
197	I6	1.26e-05	7	-230.4277529548126	10	0.7503333333333334	32	5.76e-05
198	I7	1.26e-05	7	10835.493729423446	10	0.7166666666666667	32	5.76e-05
199	I8	1.26e-05	7	1017.5015231465662	14	0.8223333333333334	22	3.96e-05
200	I9	1.26e-05	7	14343.452642067734	10	0.706	30	5.4e-05
201	I10	1.26e-05	7	-2592.6303632765	10	0.722	32	5.76e-05
202	I11	1.08e-05	6	55932.01452698316	10	0.7120000000000001	29	5.22e-05
203	I12	1.08e-05	6	24339.523429635436	11	0.7440000000000001	24	4.32e-05
204	I13	1.08e-05	6	19016.78184960999	17	1.0503333333333333	32	5.76e-05
205	I14	1.26e-05	7	55985.81862639129	11	0.967	31	5.58e-05
206	I15	1.44e-05	8	10785.723932041903	11	0.7446666666666667	32	5.76e-05
207	I16	1.26e-05	7	2122.5287516560297	12	0.7946666666666667	32	5.76e-05
208	I17	1.26e-05	7	15012.926390221604	11	0.8336666666666667	30	5.4e-05
209	I18	1.26e-05	7	18791.231138358165	11	0.8046666666666668	25	4.5e-05
210	I19	1.26e-05	7	11458.568764843018	10	0.702	32	5.76e-05
211	I20	1.08e-05	6	7647.913322052656	15	0.7320000000000001	32	5.76e-05
212	I21	1.08e-05	6	54706.485481684365	10	0.8289999999999998	32	5.76e-05
213	I22	1.26e-05	7	11524.921665794958	16	0.7756666666666666	24	4.32e-05
214	I23	1.08e-05	6	48682.03193645224	11	0.7613333333333333	32	5.76e-05
215	I24	1.08e-05	6	19802.13083197319	14	0.8203333333333332	32	5.76e-05
216	J1	1.08e-05	6	11504.323966010706	15	0.7796666666666666	32	5.76e-05
217	J2	1.08e-05	6	43248.9927149263	10	0.8583333333333334	32	5.76e-05
218	J3	1.26e-05	7	1981.7864365689263	11	0.7389999999999999	32	5.76e-05
219	J4	1.26e-05	7	10245.4239025922	11	0.815	28	5.04e-05
220	J5	1.26e-05	7	-1971.6449005059937	12	0.7393333333333333	32	5.76e-05
221	J6	1.08e-05	6	25488.810717129676	11	0.7760000000000001	32	5.76e-05
222	J7	1.26e-05	7	4728.220986748985	10	1.1536666666666668	31	5.58e-05
223	J8	1.26e-05	7	9247.611139025175	14	0.8010000000000002	28	5.04e-05
224	J9	1.08e-05	6	28066.278780743698	10	0.7236666666666668	31	5.58e-05
225	J10	1.26e-05	7	4111.382532054248	11	0.7479999999999999	32	5.76e-05
226	J11	1.26e-05	7	48665.289838899196	10	0.8666666666666666	19	3.42e-05
227	J12	1.26e-05	7	2832.623584959234	11	0.7216666666666667	31	5.58e-05
228	J13	1.08e-05	6	11634.03640280148	17	0.972	29	5.22e-05
229	J14	1.08e-05	6	35212.644906913374	10	0.8853333333333334	29	5.22e-05
230	J15	1.26e-05	7	10861.925216663798	16	0.7826666666666666	32	5.76e-05
231	J16	1.08e-05	6	50229.95596401262	10	0.8046666666666668	32	5.76e-05
232	J17	1.08e-05	6	13990.023013316159	15	0.8183333333333334	25	4.5e-05
233	J18	1.62e-05	9	-2331.6472753566436	13	0.5553333333333333	30	5.4e-05
234	J19	1.08e-05	6	4402.85930073139	15	0.7123333333333334	32	5.76e-05
235	J20	1.08e-05	6	8112.49362010988	15	0.7656666666666666	32	5.76e-05
236	J21	1.08e-05	6	54771.48183475842	10	0.7996666666666666	28	5.04e-05
237	J22	1.26e-05	7	-1052.0926845961367	13	0.6893333333333334	32	5.76e-05
238	J23	1.08e-05	6	30418.421516124203	11	0.694	32	5.76e-05
239	J24	1.08e-05	6	28123.079145560216	13	0.6996666666666668	32	5.76e-05
240	K1	1.26e-05	7	59364.416464834525	10	0.7716666666666666	32	5.76e-05
241	K2	1.08e-05	6	22123.260224702597	11	0.8566666666666666	32	5.76e-05
242	K3	1.26e-05	7	21752.917320949273	10	0.7186666666666666	32	5.76e-05
243	K4	1.08e-05	6	31252.488677317273	10	0.9163333333333333	26	4.68e-05
244	K5	1.26e-05	7	8719.828349397669	11	0.795	32	5.76e-05
245	K6	1.08e-05	6	51041.791730468765	10	0.7453333333333333	32	5.76e-05
246	K7	1.26e-05	7	3963.666624162923	12	0.733	32	5.76e-05
247	K8	1.08e-05	6	3228.1462602465617	14	0.8423333333333334	24	4.32e-05
248	K9	1.44e-05	8	11184.85548441532	15	0.758	31	5.58e-05
249	K10	1.08e-05	6	50023.56263324399	10	0.7403333333333334	32	5.76e-05
250	K11	1.26e-05	7	11285.35426096251	10	0.6823333333333333	31	5.58e-05
251	K12	1.26e-05	7	7157.668359809441	14	0.7676666666666666	23	4.14e-05
252	K13	1.26e-05	7	16274.320936238977	17	1.0433333333333332	32	5.76e-05
253	K14	1.08e-05	6	15074.354364312285	17	0.9256666666666667	30	5.4e-05
254	K15	1.26e-05	7	10971.560990665283	10	0.7559999999999999	32	5.76e-05
255	K16	1.08e-05	6	30221.3242371914	10	0.757	32	5.76e-05
256	K17	1.08e-05	6	14128.290530292727	16	0.8266666666666667	31	5.58e-05
257	K18	1.26e-05	7	5242.187059520283	11	0.7720000000000001	25	4.5e-05
258	K19	1.26e-05	7	-3480.428351778983	12	0.6836666666666668	32	5.76e-05
259	K20	1.26e-05	7	2627.5819206634333	12	0.7183333333333333	32	5.76e-05
260	K21	1.08e-05	6	36404.06550036747	11	0.8210000000000001	32	5.76e-05
261	K22	1.08e-05	6	10031.574169630321	11	0.7706666666666667	24	4.32e-05
262	K23	1.08e-05	6	48824.208987435755	10	0.7203333333333334	32	5.76e-05
263	K24	1.08e-05	6	57125.298078480526	11	0.8013333333333333	32	5.76e-05
264	L1	1.26e-05	7	11382.426257271014	15	0.75	32	5.76e-05
265	L2	1.08e-05	6	35794.84900692377	10	0.8023333333333333	32	5.76e-05
266	L3	1.08e-05	6	11518.125990687195	16	0.7156666666666666	32	5.76e-05
267	L4	1.26e-05	7	16685.158176766	10	0.8166666666666665	32	5.76e-05
268	L5	1.08e-05	6	173438.68388103275	9	0.7200000000000001	32	5.76e-05
269	L6	1.08e-05	6	-8101.478854126704	11	0.7240000000000001	32	5.76e-05
270	L7	1.08e-05	6	21678.63080076563	10	1.128	31	5.58e-05
271	L8	1.08e-05	6	4914.697093325342	14	0.7549999999999999	32	5.76e-05
272	L9	1.26e-05	7	10269.388142261896	11	0.7106666666666666	31	5.58e-05
273	L10	1.08e-05	6	-8992.768493487616	12	0.7126666666666667	32	5.76e-05
274	L11	1.08e-05	6		16	0.8266666666666667	18	3.24e-05
275	L12	1.08e-05	6	9377.345315921048	11	0.7053333333333334	25	4.5e-05
276	L13	1.08e-05	6	43260.88498072466	11	0.9553333333333334	30	5.4e-05
277	L14	1.26e-05	7	7152.818021975149	17	0.8836666666666666	29	5.22e-05
278	L15	1.08e-05	6	27846.838969722612	10	0.781	32	5.76e-05
279	L16	1.26e-05	7	34184.33814496372	10	0.8166666666666665	32	5.76e-05
280	L17	1.26e-05	7	1547.9115075405523	11	0.7879999999999999	26	4.68e-05
281	L18	1.62e-05	9	7289.221980297152	18	0.5626666666666668	30	5.4e-05
282	L19	1.26e-05	7	-12962.709000664161	11	0.7073333333333333	32	5.76e-05
283	L20	1.08e-05	6	4901.97458820078	11	0.7253333333333334	32	5.76e-05
284	L21	1.08e-05	6	24266.760969115476	11	0.7936666666666667	29	5.22e-05
285	L22	1.08e-05	6	59824.97527624411	10	0.6713333333333334	32	5.76e-05
286	L23	1.08e-05	6	68935.89415970704	10	0.7013333333333333	32	5.76e-05
287	L24	1.26e-05	7	34621.548736094344	11	0.6930000000000001	32	5.76e-05
288	M1	1.08e-05	6	13532.760830753576	16	0.7633333333333333	32	5.76e-05
289	M2	1.26e-05	7	13492.82864618267	11	0.815	32	5.76e-05
290	M3	1.26e-05	7	10781.688751694572	16	0.7263333333333334	32	5.76e-05
291	M4	1.08e-05	6	25325.936607162395	11	0.8496666666666667	25	4.5e-05
292	M5	1.08e-05	6	67606.36785645969	10	0.7423333333333333	32	5.76e-05
293	M6	1.26e-05	7	-6893.670221153724	10	0.7116666666666666	32	5.76e-05
294	M7	1.26e-05	7	4564.006588654326	10	0.7076666666666666	32	5.76e-05
295	M8	1.26e-05	7	8311.36309427483	11	0.8166666666666665	22	3.96e-05
296	M9	1.26e-05	7	11292.196422193732	15	0.706	32	5.76e-05
297	M10	1.26e-05	7	-1236.0776178274973	10	0.7026666666666666	32	5.76e-05
298	M11	1.08e-05	6	-1712.98439880379	12	0.6893333333333334	29	5.22e-05
299	M12	1.08e-05	6	4441.831034076221	14	0.7426666666666666	23	4.14e-05
300	M13	1.08e-05	6	20166.664823651834	10	1.0259999999999998	32	5.76e-05
301	M14	1.26e-05	7	57961.517536098	11	0.9136666666666667	32	5.76e-05
302	M15	1.26e-05	7	-4162.165542802453	11	0.7119999999999999	32	5.76e-05
303	M16	1.26e-05	7	3270.786973532915	11	0.8063333333333335	32	5.76e-05
304	M17	1.26e-05	7	10234.128500534804	10	0.7846666666666667	30	5.4e-05
305	M18	1.26e-05	7	-2564.8878163769355	11	0.749	24	4.32e-05
306	M19	1.08e-05	6		15	0.6103333333333333	17	3.06e-05
307	M20	1.26e-05	7	18704.889901684728	10	0.6803333333333335	32	5.76e-05
308	M21	1.26e-05	7	41273.197018707455	10	0.802	32	5.76e-05
309	M22	1.26e-05	7	11969.575065203151	11	0.7503333333333333	24	4.32e-05
310	M23	1.26e-05	7	308.4540294098697	10	0.7200000000000001	32	5.76e-05
311	M24	1.08e-05	6	45782.75638470991	10	0.8106666666666666	32	5.76e-05
312	N1	1.26e-05	7	11063.188975240031	15	0.7826666666666666	32	5.76e-05
313	N2	1.26e-05	7	55511.8130056445	10	0.8026666666666666	32	5.76e-05
314	N3	1.44e-05	8	8967.818331068158	12	0.7103333333333333	32	5.76e-05
315	N4	1.26e-05	7	29584.784459971124	10	0.8156666666666665	31	5.58e-05
316	N5	1.08e-05	6	11109.576776568443	15	0.7239999999999999	32	5.76e-05
317	N6	1.08e-05	6	18242.525289257523	11	0.7056666666666667	32	5.76e-05
318	N7	1.08e-05	6	13731.512771056156	15	1.1566666666666665	32	5.76e-05
319	N8	1.08e-05	6	30461.926064540636	10	0.7319999999999999	28	5.04e-05
320	N9	1.26e-05	7	9842.269464843592	15	0.7173333333333334	32	5.76e-05
321	N10	1.08e-05	6	-5872.00255972244	12	0.7079999999999999	32	5.76e-05
322	N11	1.08e-05	6	9871.173815516499	14	0.8353333333333333	22	3.96e-05
323	N12	1.26e-05	7	5006.138624705389	15	0.7043333333333334	32	5.76e-05
324	N13	1.08e-05	6	51338.03798248618	10	0.9786666666666667	32	5.76e-05
325	N14	1.08e-05	6	25822.962249835924	10	0.8756666666666667	32	5.76e-05
326	N15	1.08e-05	6	34098.09056350504	10	0.7566666666666667	32	5.76e-05
327	N16	1.08e-05	6	78246.4008347381	10	0.7886666666666667	32	5.76e-05
328	N17	1.26e-05	7	1345.880581917765	11	0.7879999999999999	26	4.68e-05
329	N18	1.44e-05	8		16	0.5066666666666667	19	3.42e-05
330	N19	1.26e-05	7	-3830.8819473486365	12	0.698	32	5.76e-05
331	N20	1.26e-05	7	-148.5605380192816	10	0.7546666666666666	32	5.76e-05
332	N21	1.08e-05	6	18558.126911683972	15	0.8286666666666666	30	5.4e-05
333	N22	1.26e-05	7	3596.73135921296	10	0.6486666666666667	32	5.76e-05
334	N23	1.08e-05	6	-3196.0476969607794	12	0.6789999999999999	32	5.76e-05
335	N24	1.26e-05	7	24376.561565691994	13	0.7193333333333333	32	5.76e-05
336	O1	1.08e-05	6	25338.000867975166	12	0.7676666666666666	32	5.76e-05
337	O2	1.26e-05	7	11538.335391794142	15	0.7966666666666667	32	5.76e-05
338	O3	1.26e-05	7	9078.915481598175	11	0.6726666666666666	32	5.76e-05
339	O4	1.08e-05	6	8694.7643377845	14	0.8193333333333332	30	5.4e-05
340	O5	1.26e-05	7	1863.084796197373	11	0.735	32	5.76e-05
341	O6	1.08e-05	6	10611.895211230798	11	0.757	32	5.76e-05
342	O7	1.26e-05	7	26518.001492554977	12	0.7316666666666666	32	5.76e-05
343	O8	1.26e-05	7	20342.04226143091	10	0.7973333333333333	32	5.76e-05
344	O9	1.08e-05	6	8367.07615186471	12	0.7113333333333333	32	5.76e-05
345	O10	1.08e-05	6	219332.70831983347	8	0.7223333333333333	32	5.76e-05
346	O11	1.08e-05	6	150482.70566049684	9	0.6633333333333334	32	5.76e-05
347	O12	1.08e-05	6	24582.689744553547	10	0.7133333333333333	32	5.76e-05
348	O13	1.08e-05	6	-3282.799107204109	11	0.895	32	5.76e-05
349	O14	1.08e-05	6	46080.12036648687	12	0.8253333333333334	31	5.58e-05
350	O15	1.08e-05	6	185126.05714060718	9	0.662	32	5.76e-05
351	O16	1.26e-05	7	27110.73164913296	12	0.707	32	5.76e-05
352	O17	1.26e-05	7	37153.50941104258	12	0.8676666666666667	32	5.76e-05
353	O18	1.26e-05	7	-21.565912780638126	11	0.7606666666666667	27	4.86e-05
354	O19	1.26e-05	7	4233.780743423995	10	0.6846666666666668	32	5.76e-05
355	O20	1.08e-05	6	37659.69051621167	11	0.697	32	5.76e-05
356	O21	1.08e-05	6	36621.580090150914	11	0.8496666666666667	32	5.76e-05
357	O22	1.08e-05	6	33226.64833083362	11	0.7766666666666667	32	5.76e-05
358	O23	1.26e-05	7	32289.519387586606	11	0.6866666666666666	32	5.76e-05
359	O24	1.08e-05	6	26435.88589385671	15	0.7756666666666666	32	5.76e-05
360	P1	1.44e-05	8	16586.004785870027	13	0.7556666666666666	32	5.76e-05
361	P2	1.08e-05	6	19568.292768867937	14	0.75	32	5.76e-05
362	P3	1.08e-05	6	13167.34555738561	18	0.6873333333333335	32	5.76e-05
363	P4	1.08e-05	6	31324.357518352655	11	0.7883333333333334	32	5.76e-05
364	P5	1.26e-05	7	12554.980307315282	16	0.7196666666666666	32	5.76e-05
365	P6	1.08e-05	6	33094.26062093679	13	0.7336666666666667	32	5.76e-05
366	P7	1.08e-05	6	36223.55752779574	13	0.9843333333333334	20	3.6e-05
367	P8	1.26e-05	7	36520.56912240677	10	0.7583333333333333	32	5.76e-05
368	P9	1.26e-05	7	11394.363450416538	16	0.6963333333333334	32	5.76e-05
369	P10	1.26e-05	7	13569.950240024385	16	0.7003333333333334	32	5.76e-05
370	P11	1.08e-05	6	18911.901727274988	12	0.7440000000000001	22	3.96e-05
371	P12	1.08e-05	6	45237.87851239385	11	0.6803333333333333	32	5.76e-05
372	P13	1.26e-05	7	21593.187826832564	17	0.887	32	5.76e-05
373	P14	1.26e-05	7	14556.972303975266	15	0.809	32	5.76e-05
374	P15	1.26e-05	7	35612.55312862891	12	0.6873333333333332	32	5.76e-05
375	P16	1.08e-05	6	15743.285749482844	15	0.7753333333333333	32	5.76e-05
376	P17	1.08e-05	6	53254.942144702356	10	0.839	31	5.58e-05
377	P18	1.44e-05	8	26794.0227115719	13	0.49433333333333335	32	5.76e-05
378	P19	1.08e-05	6	30841.399482312718	12	0.7176666666666667	32	5.76e-05
379	P20	1.08e-05	6	35542.377641901374	12	0.735	32	5.76e-05
380	P21	1.08e-05	6	61444.848040848825	11	0.831	32	5.76e-05
381	P22	1.26e-05	7	44775.87862604394	11	0.6466666666666666	32	5.76e-05
382	P23	1.08e-05	6	14458.54778868646	16	0.6423333333333333	32	5.76e-05
383	P24	1.26e-05	7	20643.720706364413	13	0.6859999999999999	31	5.58e-05
