Time,T° 600,A1,A2,A3,A4,A5,A6,A7,A8,A9,A10,A11,A12,A13,A14,A15,A16,A17,A18,A19,A20,A21,A22,A23,A24,B1,B2,B3,B4,B5,B6,B7,B8,B9,B10,B11,B12,B13,B14,B15,B16,B17,B18,B19,B20,B21,B22,B23,B24,C1,C2,C3,C4,C5,C6,C7,C8,C9,C10,C11,C12,C13,C14,C15,C16,C17,C18,C19,C20,C21,C22,C23,C24,D1,D2,D3,D4,D5,D6,D7,D8,D9,D10,D11,D12,D13,D14,D15,D16,D17,D18,D19,D20,D21,D22,D23,D24,E1,E2,E3,E4,E5,E6,E7,E8,E9,E10,E11,E12,E13,E14,E15,E16,E17,E18,E19,E20,E21,E22,E23,E24,F1,F2,F3,F4,F5,F6,F7,F8,F9,F10,F11,F12,F13,F14,F15,F16,F17,F18,F19,F20,F21,F22,F23,F24,G1,G2,G3,G4,G5,G6,G7,G8,G9,G10,G11,G12,G13,G14,G15,G16,G17,G18,G19,G20,G21,G22,G23,G24,H1,H2,H3,H4,H5,H6,H7,H8,H9,H10,H11,H12,H13,H14,H15,H16,H17,H18,H19,H20,H21,H22,H23,H24,I1,I2,I3,I4,I5,I6,I7,I8,I9,I10,I11,I12,I13,I14,I15,I16,I17,I18,I19,I20,I21,I22,I23,I24,J1,J2,J3,J4,J5,J6,J7,J8,J9,J10,J11,J12,J13,J14,J15,J16,J17,J18,J19,J20,J21,J22,J23,J24,K1,K2,K3,K4,K5,K6,K7,K8,K9,K10,K11,K12,K13,K14,K15,K16,K17,K18,K19,K20,K21,K22,K23,K24,L1,L2,L3,L4,L5,L6,L7,L8,L9,L10,L11,L12,L13,L14,L15,L16,L17,L18,L19,L20,L21,L22,L23,L24,M1,M2,M3,M4,M5,M6,M7,M8,M9,M10,M11,M12,M13,M14,M15,M16,M17,M18,M19,M20,M21,M22,M23,M24,N1,N2,N3,N4,N5,N6,N7,N8,N9,N10,N11,N12,N13,N14,N15,N16,N17,N18,N19,N20,N21,N22,N23,N24,O1,O2,O3,O4,O5,O6,O7,O8,O9,O10,O11,O12,O13,O14,O15,O16,O17,O18,O19,O20,O21,O22,O23,O24,P1,P2,P3,P4,P5,P6,P7,P8,P9,P10,P11,P12,P13,P14,P15,P16,P17,P18,P19,P20,P21,P22,P23,P24
0:00:00,37.1,0.095,0.096,0.097,0.099,0.095,0.097,0.094,0.096,0.095,0.094,0.094,0.113,0.1,0.096,0.095,0.096,0.094,0.094,0.092,0.092,0.09,0.092,0.094,0.095,0.095,0.095,0.094,0.098,0.094,0.096,0.096,0.108,0.098,0.094,0.094,0.096,0.112,0.097,0.095,0.102,0.106,0.094,0.094,0.094,0.093,0.093,0.093,0.094,0.095,0.096,0.095,0.095,0.094,0.095,0.1,0.114,0.094,0.094,0.098,0.096,0.113,0.102,0.098,0.101,0.119,0.1,0.103,0.094,0.085,0.092,0.09,0.093,0.095,0.093,0.094,0.095,0.094,0.094,0.095,0.114,0.094,0.093,0.094,0.095,0.107,0.102,0.098,0.1,0.116,0.1,0.095,0.095,0.089,0.09,0.09,0.093,0.099,0.092,0.094,0.095,0.095,0.093,0.093,0.111,0.096,0.093,0.094,0.097,0.115,0.097,0.099,0.105,0.113,0.099,0.095,0.096,0.094,0.092,0.09,0.091,0.104,0.092,0.093,0.094,0.094,0.089,0.094,0.109,0.097,0.092,0.096,0.094,0.113,0.096,0.096,0.1,0.108,0.096,0.094,0.094,0.094,0.09,0.089,0.085,0.109,0.094,0.091,0.093,0.093,0.091,0.095,0.101,0.09,0.094,0.091,0.096,0.115,0.099,0.096,0.099,0.102,0.095,0.094,0.094,0.095,0.095,0.092,0.091,0.105,0.091,0.092,0.093,0.092,0.098,0.093,0.104,0.088,0.093,0.089,0.094,0.117,0.097,0.097,0.096,0.102,0.095,0.094,0.094,0.093,0.095,0.094,0.094,0.096,0.087,0.09,0.091,0.094,0.096,0.089,0.103,0.09,0.09,0.091,0.099,0.117,0.096,0.096,0.097,0.097,0.095,0.095,0.089,0.092,0.091,0.094,0.094,0.095,0.091,0.091,0.093,0.093,0.095,0.092,0.111,0.097,0.094,0.093,0.094,0.117,0.097,0.095,0.102,0.099,0.096,0.091,0.09,0.09,0.089,0.094,0.093,0.095,0.098,0.093,0.094,0.094,0.088,0.094,0.104,0.096,0.094,0.091,0.092,0.112,0.093,0.093,0.101,0.098,0.091,0.095,0.096,0.095,0.089,0.094,0.093,0.096,0.095,0.094,0.094,0.091,0.087,0.093,0.1,0.095,0.091,0.091,0.093,0.117,0.095,0.097,0.105,0.097,0.094,0.093,0.095,0.093,0.089,0.095,0.095,0.099,0.094,0.094,0.095,0.092,0.092,0.094,0.097,0.097,0.095,0.093,0.095,0.117,0.095,0.095,0.108,0.097,0.094,0.093,0.094,0.095,0.09,0.09,0.091,0.105,0.095,0.094,0.094,0.092,0.094,0.105,0.091,0.094,0.095,0.094,0.093,0.113,0.094,0.096,0.109,0.094,0.099,0.095,0.096,0.095,0.091,0.091,0.096,0.106,0.094,0.094,0.093,0.095,0.096,0.101,0.097,0.094,0.094,0.094,0.092,0.111,0.091,0.099,0.11,0.097,0.097,0.094,0.094,0.091,0.094,0.092,0.094,0.105,0.095,0.093,0.091,0.096,0.096,0.093,0.095,0.094,0.094,0.093,0.093,0.096,0.095,0.094,0.109,0.096,0.095,0.096,0.094,0.094,0.095,0.089,0.092
0:30:00,37,0.096,0.096,0.097,0.098,0.095,0.096,0.094,0.096,0.095,0.094,0.093,0.113,0.1,0.095,0.095,0.096,0.094,0.093,0.092,0.092,0.09,0.092,0.094,0.095,0.094,0.095,0.094,0.098,0.094,0.1,0.096,0.107,0.098,0.094,0.094,0.096,0.112,0.096,0.095,0.101,0.106,0.095,0.093,0.094,0.093,0.093,0.093,0.094,0.095,0.097,0.095,0.095,0.094,0.095,0.099,0.114,0.094,0.094,0.098,0.096,0.113,0.102,0.097,0.101,0.119,0.1,0.103,0.094,0.085,0.092,0.09,0.093,0.094,0.092,0.095,0.095,0.094,0.095,0.095,0.113,0.093,0.093,0.094,0.095,0.108,0.102,0.098,0.1,0.115,0.1,0.095,0.095,0.089,0.089,0.09,0.093,0.098,0.092,0.095,0.095,0.094,0.094,0.093,0.111,0.096,0.093,0.094,0.097,0.116,0.097,0.098,0.104,0.113,0.099,0.095,0.096,0.094,0.092,0.09,0.091,0.102,0.092,0.092,0.094,0.093,0.09,0.094,0.11,0.096,0.092,0.096,0.094,0.113,0.096,0.096,0.099,0.108,0.096,0.094,0.094,0.095,0.091,0.089,0.085,0.107,0.095,0.091,0.093,0.094,0.092,0.096,0.102,0.09,0.094,0.092,0.096,0.115,0.098,0.096,0.099,0.102,0.095,0.094,0.094,0.095,0.095,0.092,0.092,0.106,0.091,0.092,0.093,0.093,0.098,0.093,0.106,0.088,0.092,0.089,0.094,0.117,0.097,0.097,0.096,0.103,0.095,0.094,0.094,0.093,0.095,0.094,0.094,0.098,0.088,0.091,0.091,0.094,0.096,0.089,0.104,0.09,0.09,0.092,0.099,0.117,0.096,0.096,0.097,0.097,0.095,0.094,0.089,0.093,0.091,0.094,0.094,0.096,0.092,0.091,0.093,0.093,0.095,0.092,0.116,0.096,0.094,0.093,0.094,0.116,0.097,0.095,0.102,0.099,0.096,0.091,0.091,0.09,0.089,0.094,0.093,0.096,0.098,0.094,0.094,0.094,0.089,0.094,0.104,0.096,0.094,0.091,0.093,0.112,0.094,0.093,0.101,0.099,0.091,0.095,0.096,0.095,0.09,0.094,0.093,0.097,0.095,0.094,0.094,0.091,0.087,0.093,0.101,0.095,0.091,0.091,0.093,0.117,0.095,0.097,0.105,0.097,0.094,0.093,0.095,0.093,0.089,0.095,0.095,0.101,0.094,0.094,0.095,0.092,0.092,0.094,0.098,0.097,0.095,0.094,0.095,0.116,0.095,0.095,0.108,0.097,0.094,0.093,0.094,0.095,0.089,0.09,0.091,0.107,0.095,0.094,0.094,0.092,0.094,0.105,0.091,0.094,0.095,0.094,0.093,0.112,0.094,0.096,0.109,0.095,0.098,0.095,0.096,0.095,0.091,0.091,0.096,0.108,0.094,0.094,0.093,0.095,0.096,0.1,0.097,0.094,0.094,0.094,0.092,0.11,0.091,0.099,0.11,0.097,0.097,0.094,0.094,0.092,0.095,0.092,0.094,0.106,0.095,0.093,0.091,0.097,0.096,0.093,0.095,0.094,0.094,0.093,0.094,0.096,0.095,0.094,0.109,0.096,0.095,0.097,0.094,0.094,0.095,0.089,0.092
1:00:00,37,0.096,0.096,0.097,0.097,0.095,0.096,0.094,0.096,0.095,0.094,0.094,0.113,0.101,0.095,0.095,0.095,0.094,0.094,0.093,0.092,0.09,0.093,0.094,0.095,0.095,0.095,0.095,0.098,0.094,0.096,0.096,0.106,0.098,0.094,0.094,0.096,0.113,0.096,0.095,0.101,0.106,0.095,0.093,0.094,0.093,0.093,0.093,0.094,0.095,0.097,0.095,0.095,0.094,0.095,0.099,0.114,0.094,0.094,0.098,0.096,0.113,0.102,0.097,0.101,0.118,0.1,0.103,0.094,0.085,0.092,0.09,0.093,0.094,0.093,0.095,0.095,0.094,0.095,0.095,0.113,0.093,0.093,0.095,0.095,0.108,0.102,0.098,0.099,0.115,0.1,0.095,0.095,0.089,0.089,0.09,0.093,0.097,0.092,0.095,0.095,0.094,0.095,0.093,0.111,0.096,0.093,0.093,0.097,0.116,0.096,0.098,0.104,0.113,0.1,0.095,0.096,0.094,0.092,0.09,0.091,0.101,0.092,0.092,0.094,0.093,0.091,0.094,0.11,0.096,0.092,0.096,0.094,0.114,0.096,0.096,0.099,0.109,0.096,0.094,0.094,0.095,0.091,0.09,0.085,0.107,0.095,0.091,0.093,0.094,0.093,0.096,0.103,0.09,0.094,0.092,0.096,0.116,0.098,0.096,0.099,0.103,0.095,0.094,0.094,0.095,0.095,0.092,0.092,0.106,0.091,0.093,0.094,0.093,0.099,0.094,0.106,0.088,0.092,0.089,0.094,0.117,0.097,0.097,0.096,0.103,0.095,0.094,0.093,0.092,0.095,0.094,0.094,0.099,0.088,0.091,0.092,0.094,0.097,0.089,0.105,0.09,0.09,0.092,0.099,0.117,0.096,0.096,0.097,0.097,0.095,0.094,0.089,0.093,0.091,0.094,0.094,0.097,0.092,0.091,0.093,0.093,0.095,0.092,0.117,0.096,0.094,0.094,0.094,0.116,0.097,0.095,0.102,0.099,0.096,0.092,0.091,0.09,0.089,0.094,0.093,0.097,0.098,0.094,0.094,0.094,0.089,0.093,0.105,0.096,0.094,0.091,0.093,0.112,0.094,0.093,0.101,0.099,0.091,0.095,0.096,0.095,0.09,0.094,0.093,0.098,0.095,0.094,0.094,0.091,0.088,0.093,0.101,0.095,0.091,0.091,0.093,0.116,0.095,0.097,0.105,0.097,0.094,0.093,0.095,0.093,0.089,0.096,0.096,0.101,0.094,0.094,0.095,0.092,0.093,0.094,0.098,0.096,0.095,0.094,0.095,0.115,0.095,0.095,0.107,0.097,0.094,0.093,0.094,0.095,0.09,0.091,0.092,0.108,0.095,0.094,0.094,0.092,0.094,0.105,0.092,0.094,0.095,0.094,0.093,0.112,0.094,0.096,0.108,0.096,0.098,0.095,0.095,0.095,0.091,0.092,0.096,0.108,0.095,0.094,0.093,0.095,0.097,0.1,0.097,0.094,0.094,0.094,0.092,0.111,0.092,0.099,0.11,0.097,0.097,0.094,0.094,0.092,0.095,0.092,0.094,0.107,0.095,0.093,0.091,0.097,0.096,0.093,0.095,0.094,0.094,0.094,0.094,0.096,0.095,0.094,0.109,0.097,0.095,0.097,0.094,0.094,0.095,0.09,0.092
1:30:00,37,0.096,0.097,0.097,0.097,0.095,0.096,0.094,0.096,0.095,0.094,0.094,0.113,0.101,0.096,0.095,0.095,0.094,0.094,0.093,0.092,0.09,0.093,0.094,0.095,0.095,0.095,0.095,0.098,0.094,0.096,0.096,0.106,0.098,0.094,0.094,0.096,0.113,0.096,0.095,0.101,0.106,0.095,0.093,0.094,0.093,0.093,0.093,0.094,0.095,0.097,0.095,0.095,0.094,0.095,0.099,0.114,0.094,0.095,0.098,0.096,0.113,0.102,0.097,0.1,0.118,0.1,0.103,0.094,0.086,0.092,0.09,0.093,0.094,0.093,0.095,0.095,0.094,0.095,0.095,0.113,0.094,0.093,0.095,0.095,0.108,0.102,0.098,0.099,0.116,0.1,0.095,0.095,0.089,0.089,0.09,0.093,0.098,0.092,0.095,0.095,0.094,0.095,0.094,0.112,0.096,0.093,0.094,0.097,0.116,0.096,0.098,0.104,0.113,0.1,0.095,0.096,0.094,0.092,0.09,0.091,0.101,0.093,0.093,0.094,0.094,0.091,0.094,0.11,0.097,0.092,0.096,0.094,0.114,0.096,0.096,0.099,0.109,0.096,0.094,0.095,0.095,0.091,0.09,0.085,0.107,0.095,0.091,0.093,0.094,0.094,0.096,0.104,0.09,0.094,0.092,0.096,0.116,0.098,0.096,0.099,0.103,0.095,0.094,0.094,0.095,0.095,0.092,0.092,0.106,0.091,0.093,0.094,0.093,0.099,0.094,0.107,0.088,0.092,0.089,0.094,0.117,0.097,0.098,0.096,0.103,0.095,0.094,0.094,0.092,0.095,0.094,0.094,0.099,0.088,0.091,0.092,0.094,0.097,0.089,0.105,0.09,0.09,0.093,0.099,0.117,0.096,0.096,0.097,0.097,0.095,0.094,0.089,0.093,0.091,0.094,0.094,0.097,0.092,0.091,0.093,0.093,0.095,0.092,0.117,0.096,0.094,0.094,0.094,0.116,0.097,0.095,0.102,0.099,0.096,0.092,0.092,0.091,0.089,0.094,0.093,0.097,0.099,0.094,0.095,0.094,0.089,0.094,0.105,0.096,0.094,0.091,0.093,0.112,0.094,0.093,0.101,0.099,0.091,0.095,0.096,0.095,0.09,0.095,0.093,0.098,0.095,0.094,0.095,0.092,0.088,0.094,0.101,0.095,0.092,0.091,0.093,0.116,0.095,0.097,0.105,0.098,0.094,0.093,0.095,0.093,0.089,0.096,0.096,0.102,0.094,0.094,0.095,0.092,0.093,0.094,0.099,0.097,0.095,0.094,0.095,0.115,0.095,0.095,0.107,0.097,0.094,0.093,0.094,0.095,0.09,0.091,0.092,0.108,0.096,0.094,0.094,0.092,0.094,0.105,0.092,0.095,0.095,0.094,0.093,0.112,0.094,0.096,0.108,0.097,0.098,0.095,0.095,0.095,0.091,0.092,0.096,0.109,0.095,0.094,0.093,0.095,0.097,0.1,0.097,0.094,0.094,0.094,0.093,0.111,0.092,0.099,0.11,0.097,0.098,0.094,0.094,0.092,0.095,0.092,0.094,0.107,0.095,0.093,0.092,0.097,0.097,0.094,0.095,0.094,0.094,0.094,0.094,0.097,0.095,0.094,0.109,0.097,0.095,0.097,0.095,0.095,0.095,0.09,0.092
2:00:00,37.1,0.096,0.097,0.097,0.098,0.095,0.096,0.094,0.096,0.095,0.094,0.094,0.113,0.101,0.096,0.095,0.095,0.094,0.094,0.093,0.092,0.09,0.093,0.094,0.095,0.095,0.096,0.095,0.098,0.094,0.096,0.096,0.105,0.098,0.094,0.094,0.096,0.113,0.096,0.095,0.101,0.106,0.095,0.093,0.094,0.094,0.093,0.094,0.094,0.095,0.098,0.096,0.095,0.094,0.095,0.099,0.114,0.094,0.095,0.098,0.096,0.113,0.102,0.097,0.1,0.118,0.101,0.103,0.095,0.086,0.092,0.09,0.093,0.094,0.093,0.095,0.095,0.094,0.095,0.095,0.113,0.094,0.093,0.095,0.095,0.108,0.102,0.097,0.099,0.116,0.101,0.095,0.095,0.089,0.089,0.09,0.093,0.098,0.092,0.095,0.095,0.094,0.095,0.094,0.112,0.096,0.093,0.094,0.097,0.116,0.096,0.098,0.104,0.113,0.1,0.095,0.096,0.094,0.092,0.091,0.091,0.101,0.093,0.093,0.094,0.094,0.091,0.094,0.11,0.097,0.092,0.096,0.094,0.114,0.096,0.096,0.099,0.109,0.096,0.094,0.095,0.095,0.091,0.09,0.085,0.107,0.095,0.091,0.094,0.094,0.094,0.096,0.104,0.09,0.094,0.092,0.096,0.116,0.098,0.096,0.099,0.103,0.095,0.095,0.095,0.095,0.095,0.092,0.092,0.107,0.091,0.093,0.094,0.094,0.099,0.094,0.107,0.088,0.092,0.089,0.094,0.117,0.097,0.098,0.096,0.103,0.095,0.094,0.094,0.093,0.095,0.094,0.094,0.099,0.088,0.091,0.092,0.094,0.097,0.089,0.105,0.09,0.09,0.093,0.099,0.117,0.096,0.096,0.098,0.098,0.095,0.094,0.089,0.093,0.092,0.094,0.094,0.098,0.093,0.091,0.093,0.093,0.095,0.092,0.117,0.096,0.094,0.094,0.094,0.116,0.097,0.095,0.102,0.099,0.096,0.092,0.092,0.091,0.089,0.094,0.093,0.097,0.099,0.094,0.095,0.094,0.089,0.094,0.105,0.096,0.094,0.091,0.093,0.112,0.094,0.093,0.101,0.099,0.091,0.095,0.096,0.095,0.09,0.095,0.094,0.099,0.095,0.094,0.095,0.092,0.088,0.094,0.101,0.095,0.092,0.091,0.093,0.116,0.096,0.097,0.105,0.098,0.094,0.093,0.095,0.094,0.089,0.097,0.096,0.102,0.094,0.094,0.095,0.092,0.093,0.094,0.099,0.097,0.095,0.094,0.095,0.115,0.095,0.095,0.107,0.097,0.094,0.093,0.094,0.095,0.09,0.091,0.093,0.108,0.096,0.094,0.094,0.093,0.094,0.105,0.092,0.095,0.095,0.094,0.093,0.112,0.094,0.096,0.108,0.097,0.098,0.095,0.096,0.095,0.091,0.092,0.096,0.109,0.095,0.094,0.093,0.095,0.097,0.1,0.098,0.094,0.094,0.094,0.093,0.111,0.092,0.099,0.11,0.097,0.098,0.095,0.094,0.092,0.096,0.092,0.094,0.107,0.095,0.093,0.092,0.097,0.097,0.094,0.095,0.094,0.094,0.094,0.094,0.097,0.096,0.094,0.109,0.097,0.095,0.097,0.095,0.095,0.096,0.09,0.092
2:30:00,37,0.096,0.097,0.097,0.098,0.095,0.096,0.094,0.096,0.095,0.094,0.094,0.114,0.101,0.096,0.095,0.096,0.094,0.094,0.093,0.092,0.09,0.094,0.094,0.095,0.095,0.096,0.095,0.098,0.094,0.096,0.096,0.105,0.098,0.094,0.095,0.096,0.113,0.096,0.095,0.101,0.106,0.095,0.093,0.095,0.094,0.093,0.094,0.094,0.095,0.098,0.096,0.096,0.094,0.095,0.099,0.114,0.094,0.095,0.098,0.096,0.113,0.101,0.097,0.1,0.118,0.101,0.103,0.095,0.086,0.092,0.09,0.093,0.094,0.093,0.096,0.095,0.094,0.095,0.095,0.113,0.094,0.093,0.095,0.095,0.108,0.102,0.098,0.099,0.116,0.1,0.095,0.095,0.09,0.09,0.09,0.093,0.098,0.093,0.095,0.095,0.095,0.095,0.094,0.112,0.096,0.093,0.094,0.097,0.116,0.097,0.098,0.104,0.113,0.1,0.095,0.096,0.094,0.092,0.091,0.091,0.101,0.093,0.093,0.094,0.094,0.091,0.094,0.11,0.097,0.092,0.096,0.094,0.114,0.096,0.096,0.099,0.109,0.096,0.094,0.095,0.095,0.091,0.09,0.085,0.107,0.095,0.092,0.094,0.094,0.094,0.096,0.104,0.09,0.094,0.092,0.096,0.116,0.098,0.096,0.099,0.103,0.095,0.095,0.095,0.095,0.095,0.093,0.092,0.107,0.092,0.093,0.094,0.094,0.099,0.095,0.107,0.089,0.093,0.09,0.094,0.117,0.097,0.098,0.097,0.103,0.095,0.094,0.094,0.093,0.095,0.094,0.094,0.1,0.088,0.092,0.092,0.094,0.097,0.09,0.106,0.091,0.09,0.093,0.099,0.117,0.096,0.096,0.098,0.098,0.095,0.094,0.089,0.093,0.092,0.094,0.094,0.098,0.093,0.091,0.093,0.093,0.095,0.093,0.117,0.096,0.094,0.094,0.094,0.116,0.097,0.095,0.102,0.099,0.096,0.092,0.092,0.091,0.089,0.094,0.093,0.097,0.099,0.095,0.095,0.094,0.09,0.094,0.105,0.096,0.094,0.092,0.093,0.112,0.094,0.093,0.101,0.099,0.092,0.095,0.096,0.095,0.09,0.095,0.094,0.099,0.095,0.094,0.095,0.092,0.088,0.094,0.102,0.095,0.092,0.092,0.093,0.116,0.096,0.097,0.105,0.098,0.094,0.094,0.095,0.094,0.09,0.097,0.096,0.102,0.094,0.094,0.095,0.092,0.094,0.094,0.099,0.097,0.096,0.094,0.095,0.115,0.095,0.095,0.107,0.098,0.094,0.093,0.094,0.095,0.09,0.091,0.093,0.108,0.096,0.094,0.094,0.093,0.094,0.105,0.092,0.095,0.095,0.094,0.094,0.112,0.094,0.096,0.108,0.097,0.098,0.095,0.096,0.095,0.091,0.092,0.097,0.109,0.095,0.094,0.093,0.095,0.097,0.1,0.098,0.094,0.094,0.094,0.093,0.111,0.092,0.099,0.11,0.098,0.098,0.095,0.094,0.092,0.096,0.092,0.095,0.107,0.095,0.093,0.092,0.097,0.097,0.094,0.095,0.094,0.094,0.094,0.094,0.097,0.096,0.094,0.109,0.097,0.095,0.098,0.095,0.095,0.096,0.09,0.092
3:00:00,37,0.096,0.097,0.097,0.098,0.095,0.096,0.094,0.096,0.095,0.094,0.094,0.114,0.101,0.096,0.095,0.096,0.094,0.094,0.093,0.092,0.09,0.094,0.094,0.095,0.095,0.096,0.095,0.098,0.094,0.096,0.097,0.106,0.098,0.094,0.095,0.096,0.113,0.096,0.095,0.101,0.107,0.095,0.094,0.095,0.094,0.093,0.094,0.094,0.096,0.098,0.096,0.096,0.094,0.095,0.099,0.114,0.094,0.095,0.098,0.096,0.113,0.102,0.097,0.101,0.119,0.101,0.103,0.095,0.086,0.092,0.09,0.093,0.095,0.093,0.096,0.095,0.094,0.096,0.095,0.113,0.094,0.093,0.095,0.095,0.108,0.102,0.098,0.099,0.116,0.101,0.095,0.095,0.09,0.09,0.091,0.093,0.098,0.093,0.095,0.095,0.095,0.096,0.094,0.112,0.096,0.093,0.094,0.097,0.116,0.097,0.099,0.104,0.113,0.1,0.095,0.096,0.094,0.092,0.091,0.091,0.101,0.093,0.093,0.095,0.094,0.092,0.095,0.111,0.097,0.093,0.096,0.094,0.114,0.096,0.097,0.1,0.109,0.096,0.094,0.095,0.095,0.091,0.09,0.086,0.107,0.095,0.092,0.094,0.095,0.095,0.097,0.104,0.091,0.095,0.092,0.096,0.116,0.098,0.096,0.099,0.103,0.095,0.095,0.095,0.095,0.095,0.093,0.092,0.107,0.092,0.093,0.095,0.094,0.1,0.095,0.108,0.089,0.093,0.09,0.094,0.117,0.097,0.098,0.097,0.103,0.095,0.095,0.094,0.093,0.095,0.095,0.095,0.1,0.088,0.092,0.093,0.094,0.097,0.09,0.106,0.091,0.091,0.093,0.099,0.117,0.097,0.096,0.098,0.098,0.095,0.095,0.089,0.093,0.092,0.094,0.094,0.098,0.093,0.092,0.094,0.093,0.095,0.093,0.118,0.096,0.094,0.095,0.094,0.116,0.097,0.095,0.102,0.099,0.096,0.092,0.092,0.091,0.09,0.094,0.093,0.098,0.099,0.095,0.095,0.094,0.09,0.094,0.105,0.096,0.094,0.092,0.094,0.113,0.094,0.094,0.101,0.099,0.092,0.095,0.096,0.095,0.09,0.095,0.094,0.099,0.095,0.094,0.095,0.092,0.088,0.094,0.102,0.095,0.092,0.092,0.093,0.116,0.096,0.097,0.105,0.098,0.094,0.094,0.095,0.094,0.09,0.097,0.097,0.102,0.095,0.095,0.095,0.092,0.094,0.095,0.099,0.097,0.096,0.094,0.095,0.115,0.096,0.095,0.108,0.098,0.095,0.093,0.095,0.096,0.09,0.092,0.093,0.109,0.096,0.094,0.095,0.093,0.094,0.105,0.092,0.095,0.095,0.094,0.094,0.112,0.094,0.096,0.108,0.098,0.098,0.096,0.096,0.095,0.091,0.092,0.097,0.109,0.095,0.094,0.093,0.095,0.097,0.1,0.098,0.094,0.094,0.094,0.093,0.111,0.092,0.099,0.11,0.098,0.098,0.095,0.094,0.092,0.096,0.093,0.095,0.107,0.095,0.093,0.092,0.098,0.097,0.094,0.096,0.094,0.094,0.094,0.094,0.097,0.096,0.094,0.109,0.097,0.096,0.098,0.095,0.095,0.096,0.09,0.093
3:30:00,37,0.097,0.097,0.098,0.098,0.096,0.097,0.095,0.097,0.095,0.095,0.094,0.114,0.101,0.096,0.095,0.096,0.094,0.094,0.093,0.093,0.091,0.094,0.095,0.096,0.095,0.096,0.096,0.098,0.095,0.096,0.097,0.106,0.099,0.095,0.095,0.096,0.113,0.097,0.096,0.101,0.107,0.095,0.094,0.095,0.095,0.094,0.094,0.095,0.096,0.099,0.097,0.097,0.095,0.096,0.099,0.114,0.094,0.096,0.098,0.097,0.114,0.102,0.097,0.101,0.119,0.101,0.104,0.095,0.087,0.093,0.091,0.094,0.095,0.094,0.096,0.095,0.095,0.096,0.096,0.113,0.094,0.094,0.095,0.096,0.109,0.102,0.098,0.1,0.116,0.101,0.096,0.095,0.09,0.09,0.091,0.094,0.099,0.094,0.096,0.096,0.095,0.096,0.095,0.113,0.096,0.094,0.094,0.098,0.117,0.097,0.099,0.104,0.114,0.1,0.095,0.097,0.094,0.093,0.092,0.092,0.102,0.093,0.094,0.095,0.094,0.092,0.095,0.111,0.098,0.093,0.097,0.095,0.115,0.097,0.097,0.1,0.11,0.096,0.095,0.095,0.096,0.091,0.091,0.086,0.107,0.096,0.092,0.095,0.095,0.095,0.097,0.105,0.091,0.095,0.093,0.097,0.117,0.099,0.097,0.1,0.103,0.095,0.095,0.095,0.096,0.096,0.093,0.093,0.107,0.092,0.094,0.095,0.095,0.1,0.096,0.108,0.089,0.093,0.09,0.094,0.118,0.098,0.098,0.097,0.103,0.096,0.095,0.094,0.093,0.096,0.095,0.095,0.101,0.089,0.092,0.093,0.095,0.097,0.09,0.106,0.091,0.091,0.094,0.1,0.118,0.097,0.097,0.098,0.098,0.095,0.095,0.09,0.094,0.092,0.095,0.095,0.099,0.094,0.092,0.094,0.093,0.096,0.093,0.118,0.097,0.094,0.095,0.094,0.117,0.098,0.095,0.103,0.1,0.096,0.093,0.093,0.092,0.09,0.095,0.094,0.098,0.1,0.095,0.096,0.094,0.091,0.094,0.106,0.097,0.095,0.092,0.094,0.113,0.095,0.094,0.102,0.1,0.092,0.095,0.096,0.096,0.091,0.096,0.095,0.099,0.096,0.095,0.095,0.093,0.089,0.095,0.103,0.095,0.093,0.093,0.094,0.117,0.096,0.098,0.105,0.098,0.094,0.094,0.096,0.095,0.091,0.098,0.097,0.103,0.095,0.095,0.096,0.093,0.094,0.095,0.099,0.097,0.096,0.095,0.096,0.116,0.096,0.095,0.108,0.098,0.095,0.094,0.095,0.096,0.09,0.092,0.094,0.109,0.096,0.095,0.095,0.094,0.095,0.106,0.093,0.095,0.096,0.095,0.094,0.113,0.095,0.097,0.109,0.098,0.099,0.096,0.096,0.096,0.091,0.093,0.097,0.11,0.095,0.094,0.094,0.095,0.098,0.1,0.098,0.095,0.095,0.095,0.094,0.112,0.093,0.1,0.11,0.098,0.098,0.095,0.095,0.093,0.097,0.093,0.096,0.108,0.096,0.094,0.093,0.098,0.098,0.095,0.096,0.094,0.094,0.095,0.095,0.097,0.096,0.094,0.11,0.098,0.096,0.099,0.096,0.096,0.096,0.091,0.093
4:00:00,37,0.097,0.099,0.099,0.1,0.097,0.098,0.096,0.098,0.096,0.097,0.095,0.116,0.102,0.097,0.096,0.097,0.095,0.095,0.094,0.094,0.093,0.095,0.096,0.097,0.096,0.097,0.097,0.1,0.096,0.098,0.099,0.107,0.099,0.096,0.097,0.098,0.114,0.097,0.097,0.102,0.108,0.095,0.095,0.096,0.096,0.095,0.095,0.096,0.097,0.1,0.098,0.099,0.096,0.097,0.1,0.116,0.095,0.097,0.099,0.098,0.115,0.103,0.098,0.102,0.12,0.103,0.105,0.096,0.088,0.093,0.092,0.095,0.096,0.096,0.097,0.097,0.096,0.097,0.097,0.115,0.095,0.095,0.097,0.097,0.11,0.103,0.099,0.101,0.117,0.101,0.097,0.096,0.091,0.091,0.092,0.095,0.1,0.095,0.097,0.097,0.097,0.097,0.096,0.115,0.097,0.096,0.095,0.099,0.118,0.098,0.1,0.105,0.116,0.101,0.096,0.098,0.096,0.094,0.093,0.094,0.102,0.095,0.095,0.098,0.095,0.093,0.097,0.113,0.099,0.095,0.098,0.097,0.115,0.098,0.099,0.102,0.111,0.096,0.096,0.097,0.096,0.092,0.092,0.087,0.108,0.098,0.093,0.097,0.097,0.097,0.099,0.107,0.092,0.097,0.094,0.098,0.117,0.1,0.098,0.101,0.104,0.097,0.096,0.096,0.097,0.097,0.094,0.095,0.109,0.093,0.095,0.096,0.096,0.102,0.097,0.11,0.091,0.095,0.092,0.096,0.119,0.099,0.099,0.098,0.104,0.096,0.096,0.095,0.095,0.097,0.096,0.097,0.102,0.09,0.094,0.096,0.096,0.099,0.091,0.107,0.092,0.093,0.095,0.101,0.119,0.098,0.097,0.1,0.099,0.096,0.096,0.091,0.095,0.093,0.096,0.097,0.101,0.096,0.093,0.096,0.095,0.097,0.095,0.12,0.098,0.095,0.097,0.096,0.118,0.099,0.096,0.104,0.101,0.097,0.094,0.094,0.093,0.091,0.096,0.095,0.099,0.101,0.097,0.097,0.096,0.092,0.096,0.107,0.097,0.096,0.093,0.096,0.114,0.096,0.095,0.103,0.101,0.093,0.096,0.097,0.097,0.092,0.097,0.096,0.1,0.098,0.096,0.097,0.094,0.091,0.097,0.104,0.096,0.094,0.095,0.095,0.118,0.097,0.099,0.106,0.1,0.095,0.096,0.097,0.096,0.092,0.1,0.099,0.104,0.097,0.096,0.097,0.095,0.096,0.096,0.101,0.098,0.098,0.096,0.098,0.117,0.097,0.096,0.109,0.099,0.096,0.095,0.096,0.097,0.091,0.093,0.096,0.111,0.098,0.095,0.096,0.095,0.096,0.108,0.094,0.096,0.097,0.096,0.096,0.115,0.096,0.098,0.111,0.099,0.099,0.098,0.098,0.098,0.092,0.094,0.099,0.111,0.096,0.095,0.096,0.097,0.099,0.102,0.099,0.096,0.097,0.096,0.096,0.113,0.094,0.101,0.111,0.099,0.099,0.096,0.096,0.094,0.098,0.095,0.098,0.108,0.097,0.095,0.094,0.1,0.099,0.096,0.098,0.095,0.095,0.096,0.096,0.098,0.097,0.095,0.111,0.1,0.096,0.1,0.098,0.097,0.097,0.092,0.094
4:30:00,37.1,0.099,0.103,0.102,0.105,0.099,0.101,0.099,0.104,0.1,0.102,0.098,0.121,0.105,0.1,0.098,0.1,0.097,0.098,0.097,0.097,0.096,0.098,0.099,0.099,0.099,0.101,0.099,0.105,0.099,0.101,0.106,0.112,0.101,0.1,0.102,0.102,0.117,0.099,0.1,0.106,0.111,0.096,0.099,0.099,0.1,0.098,0.097,0.1,0.101,0.105,0.101,0.106,0.098,0.101,0.103,0.119,0.098,0.102,0.102,0.103,0.118,0.106,0.1,0.105,0.123,0.107,0.108,0.098,0.092,0.096,0.094,0.099,0.1,0.1,0.1,0.102,0.098,0.101,0.101,0.119,0.098,0.097,0.101,0.102,0.114,0.105,0.101,0.103,0.12,0.102,0.1,0.1,0.093,0.093,0.096,0.097,0.104,0.1,0.1,0.101,0.1,0.1,0.098,0.12,0.1,0.1,0.097,0.104,0.12,0.101,0.103,0.107,0.119,0.103,0.099,0.102,0.099,0.097,0.096,0.099,0.105,0.098,0.098,0.105,0.097,0.096,0.102,0.117,0.102,0.098,0.104,0.102,0.118,0.101,0.102,0.107,0.114,0.097,0.098,0.1,0.099,0.094,0.095,0.091,0.112,0.102,0.097,0.103,0.1,0.1,0.102,0.111,0.095,0.101,0.098,0.103,0.12,0.105,0.101,0.104,0.107,0.1,0.099,0.098,0.099,0.101,0.096,0.099,0.112,0.095,0.097,0.101,0.099,0.106,0.103,0.115,0.094,0.1,0.097,0.1,0.123,0.102,0.102,0.101,0.107,0.096,0.098,0.097,0.098,0.099,0.098,0.1,0.105,0.094,0.097,0.102,0.1,0.103,0.094,0.112,0.095,0.098,0.098,0.104,0.121,0.102,0.099,0.103,0.101,0.098,0.099,0.094,0.098,0.096,0.098,0.103,0.105,0.1,0.097,0.102,0.097,0.1,0.1,0.124,0.102,0.099,0.102,0.1,0.12,0.101,0.099,0.107,0.103,0.097,0.097,0.097,0.096,0.093,0.099,0.097,0.102,0.106,0.1,0.104,0.098,0.096,0.099,0.111,0.1,0.1,0.096,0.1,0.117,0.099,0.099,0.106,0.104,0.096,0.099,0.099,0.099,0.096,0.1,0.101,0.103,0.101,0.098,0.102,0.096,0.094,0.104,0.11,0.099,0.097,0.101,0.099,0.122,0.1,0.102,0.109,0.103,0.095,0.099,0.101,0.099,0.095,0.104,0.102,0.108,0.102,0.099,0.102,0.098,0.1,0.099,0.104,0.099,0.102,0.1,0.103,0.119,0.099,0.099,0.113,0.102,0.099,0.098,0.099,0.101,0.093,0.097,0.1,0.116,0.102,0.098,0.101,0.098,0.099,0.114,0.098,0.099,0.101,0.1,0.102,0.119,0.099,0.101,0.115,0.102,0.1,0.102,0.101,0.102,0.094,0.097,0.101,0.114,0.099,0.098,0.101,0.1,0.103,0.106,0.103,0.098,0.102,0.099,0.101,0.115,0.096,0.103,0.113,0.101,0.102,0.099,0.099,0.097,0.101,0.099,0.102,0.11,0.1,0.098,0.1,0.103,0.102,0.102,0.106,0.098,0.098,0.101,0.101,0.101,0.1,0.096,0.114,0.104,0.097,0.105,0.101,0.1,0.098,0.095,0.097
5:00:00,37.1,0.103,0.124,0.11,0.124,0.107,0.111,0.11,0.128,0.11,0.118,0.106,0.138,0.111,0.108,0.104,0.107,0.104,0.106,0.103,0.106,0.107,0.106,0.109,0.107,0.108,0.11,0.107,0.125,0.107,0.111,0.126,0.127,0.107,0.112,0.119,0.117,0.125,0.105,0.107,0.117,0.118,0.098,0.107,0.106,0.11,0.103,0.103,0.109,0.109,0.119,0.111,0.132,0.106,0.112,0.11,0.131,0.104,0.114,0.109,0.117,0.126,0.115,0.107,0.114,0.129,0.117,0.115,0.105,0.101,0.103,0.1,0.109,0.108,0.111,0.106,0.121,0.105,0.111,0.121,0.133,0.105,0.104,0.115,0.117,0.124,0.111,0.108,0.112,0.128,0.103,0.107,0.108,0.099,0.099,0.103,0.104,0.125,0.119,0.107,0.114,0.11,0.109,0.105,0.137,0.105,0.114,0.103,0.121,0.127,0.109,0.11,0.114,0.129,0.109,0.104,0.111,0.106,0.105,0.103,0.112,0.114,0.108,0.106,0.128,0.103,0.103,0.117,0.13,0.109,0.106,0.12,0.118,0.125,0.109,0.11,0.118,0.124,0.099,0.105,0.108,0.105,0.097,0.102,0.1,0.122,0.115,0.105,0.121,0.109,0.111,0.112,0.126,0.102,0.114,0.106,0.117,0.126,0.117,0.109,0.113,0.113,0.108,0.106,0.105,0.106,0.11,0.102,0.111,0.12,0.101,0.104,0.114,0.107,0.117,0.12,0.132,0.103,0.114,0.111,0.111,0.134,0.11,0.109,0.108,0.116,0.098,0.104,0.104,0.106,0.105,0.103,0.111,0.114,0.106,0.105,0.122,0.108,0.115,0.101,0.125,0.102,0.111,0.105,0.114,0.128,0.11,0.105,0.11,0.106,0.104,0.106,0.101,0.106,0.103,0.103,0.118,0.118,0.11,0.106,0.121,0.104,0.11,0.119,0.141,0.11,0.107,0.12,0.113,0.129,0.108,0.106,0.115,0.109,0.098,0.104,0.106,0.103,0.097,0.108,0.103,0.109,0.12,0.11,0.123,0.105,0.106,0.108,0.126,0.106,0.112,0.103,0.115,0.124,0.106,0.106,0.114,0.111,0.102,0.105,0.106,0.105,0.104,0.106,0.113,0.111,0.112,0.105,0.118,0.103,0.105,0.126,0.127,0.107,0.105,0.119,0.112,0.131,0.107,0.109,0.116,0.111,0.096,0.109,0.11,0.107,0.101,0.113,0.112,0.117,0.121,0.108,0.12,0.108,0.112,0.107,0.116,0.104,0.112,0.108,0.118,0.127,0.104,0.106,0.122,0.108,0.107,0.104,0.106,0.109,0.099,0.105,0.117,0.127,0.115,0.104,0.118,0.105,0.108,0.132,0.111,0.106,0.11,0.111,0.119,0.131,0.107,0.11,0.125,0.11,0.101,0.111,0.11,0.111,0.1,0.104,0.109,0.122,0.113,0.107,0.118,0.109,0.114,0.116,0.116,0.105,0.115,0.107,0.116,0.122,0.103,0.109,0.118,0.107,0.109,0.105,0.106,0.104,0.108,0.108,0.123,0.114,0.109,0.106,0.121,0.112,0.111,0.128,0.138,0.104,0.105,0.118,0.12,0.108,0.108,0.099,0.126,0.116,0.098,0.119,0.112,0.108,0.103,0.102,0.105
5:30:00,37,0.126,0.188,0.136,0.191,0.144,0.137,0.124,0.159,0.126,0.145,0.132,0.202,0.136,0.165,0.12,0.129,0.123,0.168,0.12,0.172,0.14,0.133,0.164,0.185,0.137,0.136,0.125,0.154,0.125,0.131,0.156,0.153,0.118,0.132,0.147,0.142,0.143,0.119,0.125,0.137,0.133,0.101,0.125,0.12,0.128,0.115,0.118,0.137,0.12,0.149,0.136,0.188,0.122,0.134,0.124,0.161,0.118,0.135,0.124,0.142,0.143,0.134,0.123,0.134,0.145,0.141,0.13,0.119,0.117,0.117,0.113,0.13,0.155,0.136,0.123,0.152,0.121,0.132,0.152,0.16,0.121,0.119,0.14,0.145,0.146,0.124,0.124,0.131,0.145,0.107,0.124,0.125,0.111,0.11,0.118,0.123,0.19,0.137,0.124,0.143,0.13,0.129,0.121,0.166,0.119,0.133,0.117,0.146,0.143,0.127,0.127,0.128,0.148,0.123,0.116,0.13,0.121,0.121,0.117,0.136,0.144,0.131,0.126,0.178,0.118,0.12,0.144,0.157,0.125,0.124,0.147,0.145,0.143,0.128,0.128,0.141,0.143,0.103,0.119,0.124,0.118,0.104,0.119,0.121,0.143,0.142,0.123,0.154,0.128,0.133,0.131,0.154,0.117,0.133,0.124,0.142,0.142,0.139,0.126,0.133,0.128,0.126,0.12,0.119,0.12,0.126,0.113,0.133,0.147,0.121,0.121,0.144,0.124,0.138,0.149,0.159,0.12,0.134,0.136,0.134,0.158,0.13,0.126,0.126,0.133,0.1,0.116,0.118,0.123,0.117,0.115,0.143,0.128,0.134,0.125,0.151,0.126,0.136,0.117,0.152,0.117,0.131,0.121,0.137,0.142,0.129,0.117,0.128,0.118,0.118,0.121,0.116,0.121,0.117,0.114,0.144,0.185,0.134,0.126,0.153,0.12,0.129,0.146,0.168,0.127,0.126,0.146,0.136,0.148,0.124,0.123,0.132,0.124,0.101,0.119,0.123,0.118,0.106,0.123,0.124,0.172,0.149,0.131,0.155,0.121,0.127,0.126,0.154,0.119,0.131,0.118,0.14,0.141,0.121,0.124,0.131,0.127,0.118,0.118,0.12,0.116,0.121,0.121,0.155,0.158,0.139,0.124,0.15,0.117,0.125,0.151,0.154,0.122,0.123,0.147,0.137,0.151,0.123,0.125,0.133,0.129,0.099,0.125,0.128,0.122,0.114,0.129,0.122,0.2,0.146,0.129,0.15,0.127,0.132,0.124,0.143,0.117,0.132,0.125,0.143,0.143,0.117,0.121,0.142,0.123,0.123,0.118,0.121,0.125,0.112,0.12,0.147,0.227,0.144,0.12,0.149,0.121,0.126,0.158,0.138,0.12,0.129,0.135,0.146,0.153,0.125,0.129,0.145,0.126,0.104,0.13,0.127,0.129,0.112,0.119,0.13,0.172,0.173,0.125,0.152,0.126,0.136,0.134,0.144,0.12,0.137,0.124,0.146,0.139,0.119,0.123,0.132,0.121,0.124,0.118,0.121,0.119,0.124,0.125,0.208,0.126,0.144,0.164,0.158,0.171,0.166,0.226,0.173,0.126,0.119,0.151,0.184,0.137,0.136,0.112,0.162,0.141,0.101,0.172,0.141,0.147,0.124,0.113,0.125
6:00:00,37,0.203,0.194,0.147,0.198,0.164,0.145,0.13,0.223,0.15,0.155,0.153,0.197,0.222,0.202,0.153,0.173,0.174,0.128,0.167,0.162,0.157,0.161,0.225,0.204,0.171,0.163,0.147,0.194,0.145,0.142,0.172,0.2,0.144,0.14,0.165,0.162,0.169,0.141,0.149,0.148,0.162,0.108,0.148,0.152,0.147,0.142,0.136,0.16,0.152,0.154,0.14,0.224,0.148,0.139,0.154,0.181,0.146,0.14,0.152,0.151,0.18,0.168,0.143,0.155,0.171,0.176,0.159,0.147,0.143,0.149,0.144,0.163,0.194,0.132,0.149,0.186,0.146,0.14,0.161,0.167,0.145,0.146,0.154,0.155,0.161,0.151,0.149,0.156,0.169,0.114,0.151,0.153,0.139,0.13,0.15,0.163,0.217,0.194,0.152,0.165,0.143,0.145,0.147,0.163,0.146,0.136,0.143,0.147,0.179,0.164,0.155,0.156,0.164,0.153,0.145,0.149,0.15,0.147,0.15,0.153,0.138,0.143,0.146,0.2,0.14,0.145,0.147,0.165,0.148,0.146,0.144,0.155,0.174,0.156,0.153,0.144,0.161,0.11,0.149,0.153,0.149,0.12,0.148,0.148,0.209,0.133,0.146,0.158,0.147,0.135,0.146,0.163,0.145,0.136,0.147,0.154,0.169,0.147,0.155,0.155,0.152,0.148,0.149,0.148,0.151,0.15,0.14,0.156,0.155,0.156,0.148,0.163,0.148,0.141,0.153,0.171,0.14,0.137,0.15,0.155,0.166,0.161,0.15,0.159,0.155,0.106,0.141,0.148,0.149,0.139,0.141,0.16,0.175,0.158,0.145,0.166,0.147,0.138,0.143,0.165,0.147,0.137,0.147,0.166,0.168,0.162,0.139,0.156,0.143,0.143,0.151,0.144,0.149,0.147,0.141,0.146,0.176,0.142,0.14,0.169,0.147,0.142,0.151,0.182,0.151,0.145,0.155,0.156,0.176,0.161,0.149,0.165,0.145,0.107,0.147,0.15,0.147,0.123,0.152,0.144,0.155,0.164,0.141,0.178,0.15,0.133,0.143,0.17,0.147,0.136,0.143,0.153,0.173,0.161,0.15,0.156,0.152,0.142,0.142,0.145,0.145,0.145,0.154,0.196,0.215,0.145,0.148,0.172,0.142,0.133,0.169,0.166,0.147,0.146,0.151,0.155,0.176,0.158,0.155,0.161,0.152,0.104,0.142,0.15,0.15,0.144,0.155,0.165,0.141,0.19,0.144,0.174,0.139,0.135,0.147,0.161,0.133,0.138,0.147,0.155,0.171,0.142,0.143,0.155,0.15,0.143,0.148,0.146,0.149,0.141,0.149,0.182,0.215,0.128,0.149,0.167,0.144,0.144,0.168,0.153,0.148,0.146,0.16,0.16,0.155,0.155,0.149,0.151,0.152,0.111,0.144,0.152,0.147,0.131,0.146,0.177,0.171,0.165,0.143,0.177,0.147,0.141,0.143,0.157,0.146,0.151,0.147,0.154,0.16,0.139,0.144,0.15,0.143,0.149,0.147,0.146,0.143,0.147,0.142,0.194,0.194,0.171,0.163,0.204,0.178,0.17,0.213,0.303,0.191,0.19,0.186,0.176,0.209,0.172,0.165,0.174,0.183,0.107,0.179,0.16,0.166,0.169,0.187,0.151
6:30:00,37.1,0.179,0.194,0.172,0.313,0.172,0.172,0.174,0.306,0.169,0.219,0.147,0.294,0.19,0.187,0.177,0.178,0.166,0.195,0.167,0.196,0.193,0.162,0.205,0.224,0.183,0.198,0.2,0.423,0.211,0.236,0.73,0.358,0.136,0.285,0.621,0.344,0.172,0.164,0.176,0.199,0.143,0.12,0.164,0.137,0.168,0.145,0.158,0.204,0.177,0.359,0.326,0.607,0.199,0.294,0.152,0.392,0.133,0.344,0.148,0.375,0.149,0.192,0.177,0.21,0.161,0.222,0.142,0.128,0.134,0.124,0.12,0.247,0.187,0.403,0.159,0.436,0.164,0.262,0.664,0.376,0.155,0.147,0.394,0.439,0.281,0.137,0.149,0.194,0.178,0.126,0.176,0.158,0.13,0.135,0.122,0.173,0.21,0.423,0.195,0.438,0.228,0.227,0.154,0.553,0.135,0.37,0.132,0.343,0.151,0.141,0.151,0.142,0.241,0.142,0.127,0.186,0.128,0.129,0.127,0.26,0.199,0.25,0.19,0.659,0.135,0.144,0.458,0.336,0.159,0.175,0.479,0.484,0.151,0.212,0.176,0.346,0.209,0.123,0.127,0.135,0.135,0.15,0.131,0.152,0.214,0.468,0.177,0.724,0.188,0.269,0.216,0.478,0.128,0.345,0.172,0.341,0.149,0.428,0.161,0.213,0.146,0.177,0.129,0.132,0.136,0.149,0.125,0.19,0.2,0.181,0.158,0.323,0.174,0.328,0.657,0.485,0.158,0.356,0.381,0.275,0.365,0.186,0.172,0.133,0.174,0.116,0.128,0.13,0.136,0.131,0.128,0.172,0.208,0.327,0.204,0.669,0.192,0.35,0.149,0.377,0.131,0.348,0.142,0.254,0.156,0.182,0.139,0.161,0.144,0.14,0.143,0.139,0.135,0.129,0.128,0.27,0.215,0.308,0.212,0.549,0.141,0.218,0.648,0.416,0.169,0.204,0.603,0.287,0.17,0.136,0.134,0.143,0.145,0.118,0.133,0.135,0.131,0.146,0.161,0.158,0.199,0.424,0.267,0.736,0.144,0.247,0.218,0.438,0.132,0.281,0.141,0.356,0.151,0.14,0.164,0.185,0.143,0.14,0.142,0.14,0.136,0.137,0.133,0.227,0.208,0.385,0.207,0.382,0.14,0.226,0.735,0.479,0.147,0.166,0.647,0.291,0.246,0.141,0.137,0.145,0.159,0.114,0.176,0.154,0.143,0.127,0.152,0.167,0.201,0.37,0.225,0.626,0.214,0.286,0.161,0.322,0.141,0.274,0.174,0.372,0.16,0.131,0.148,0.222,0.143,0.145,0.14,0.136,0.138,0.126,0.136,0.329,0.228,0.333,0.136,0.344,0.154,0.191,0.643,0.312,0.139,0.203,0.291,0.463,0.305,0.141,0.185,0.226,0.14,0.122,0.179,0.144,0.174,0.131,0.136,0.212,0.204,0.201,0.19,0.519,0.16,0.275,0.189,0.308,0.143,0.215,0.16,0.374,0.191,0.17,0.168,0.181,0.167,0.142,0.137,0.15,0.14,0.145,0.149,0.212,0.192,0.199,0.178,0.253,0.202,0.196,0.394,0.269,0.181,0.19,0.315,0.228,0.198,0.207,0.164,0.216,0.207,0.122,0.221,0.189,0.185,0.159,0.182,0.192
7:00:00,37.1,0.227,0.354,0.237,0.435,0.219,0.266,0.249,0.416,0.233,0.282,0.275,0.36,0.212,0.221,0.19,0.204,0.209,0.213,0.196,0.208,0.223,0.254,0.23,0.24,0.234,0.352,0.42,0.565,0.365,0.357,0.75,0.475,0.377,0.366,0.713,0.606,0.506,0.425,0.35,0.367,0.364,0.14,0.361,0.303,0.301,0.208,0.241,0.227,0.223,0.485,0.598,0.661,0.493,0.436,0.508,0.718,0.462,0.454,0.461,0.61,0.541,0.587,0.41,0.393,0.381,0.399,0.38,0.259,0.368,0.32,0.216,0.284,0.23,0.558,0.525,0.599,0.487,0.389,0.716,0.491,0.415,0.442,0.683,0.603,0.584,0.543,0.488,0.469,0.299,0.146,0.321,0.436,0.326,0.225,0.352,0.34,0.277,0.517,0.555,0.683,0.329,0.461,0.427,0.706,0.43,0.521,0.46,0.669,0.583,0.555,0.517,0.527,0.371,0.451,0.431,0.384,0.356,0.326,0.286,0.284,0.236,0.51,0.424,0.658,0.45,0.31,0.712,0.584,0.457,0.362,0.719,0.452,0.598,0.562,0.548,0.435,0.321,0.144,0.44,0.43,0.361,0.13,0.295,0.375,0.262,0.596,0.541,0.728,0.414,0.356,0.328,0.703,0.499,0.468,0.377,0.613,0.567,0.592,0.534,0.555,0.394,0.442,0.463,0.435,0.358,0.365,0.18,0.326,0.256,0.499,0.536,0.592,0.523,0.423,0.705,0.5,0.338,0.404,0.681,0.611,0.609,0.555,0.523,0.56,0.381,0.134,0.435,0.489,0.325,0.333,0.206,0.288,0.237,0.505,0.543,0.704,0.473,0.527,0.484,0.694,0.394,0.524,0.402,0.649,0.532,0.494,0.424,0.558,0.417,0.43,0.422,0.44,0.408,0.371,0.195,0.345,0.326,0.515,0.585,0.64,0.523,0.507,0.686,0.519,0.497,0.496,0.706,0.637,0.584,0.551,0.528,0.567,0.412,0.137,0.494,0.52,0.438,0.157,0.459,0.233,0.27,0.495,0.588,0.721,0.524,0.412,0.436,0.697,0.465,0.362,0.425,0.633,0.498,0.494,0.539,0.547,0.372,0.416,0.438,0.451,0.382,0.308,0.376,0.302,0.267,0.556,0.511,0.637,0.444,0.302,0.732,0.572,0.477,0.315,0.681,0.653,0.59,0.528,0.551,0.566,0.346,0.132,0.285,0.355,0.423,0.387,0.34,0.293,0.273,0.432,0.532,0.75,0.34,0.408,0.327,0.648,0.317,0.361,0.367,0.547,0.586,0.457,0.47,0.429,0.355,0.274,0.385,0.325,0.26,0.366,0.341,0.406,0.338,0.514,0.481,0.607,0.461,0.453,0.675,0.575,0.452,0.336,0.632,0.464,0.614,0.519,0.498,0.358,0.34,0.141,0.304,0.362,0.418,0.279,0.334,0.232,0.271,0.363,0.435,0.723,0.374,0.531,0.483,0.57,0.342,0.623,0.379,0.613,0.292,0.363,0.232,0.258,0.26,0.301,0.246,0.332,0.291,0.302,0.415,0.309,0.259,0.27,0.24,0.387,0.246,0.236,0.632,0.38,0.22,0.233,0.525,0.325,0.226,0.236,0.199,0.274,0.376,0.165,0.404,0.359,0.224,0.198,0.228,0.265
7:30:00,37,0.348,0.396,0.333,0.491,0.325,0.346,0.34,0.462,0.342,0.351,0.311,0.438,0.365,0.343,0.287,0.33,0.3,0.309,0.318,0.307,0.33,0.336,0.331,0.319,0.354,0.35,0.493,0.707,0.631,0.505,0.882,0.618,0.487,0.633,0.583,0.569,0.574,0.645,0.569,0.517,0.669,0.138,0.516,0.401,0.545,0.619,0.422,0.337,0.369,0.561,0.49,0.777,0.534,0.573,0.571,0.709,0.565,0.629,0.543,0.631,0.584,0.617,0.552,0.673,0.672,0.729,0.67,0.511,0.651,0.432,0.475,0.402,0.375,0.452,0.576,0.659,0.584,0.576,0.821,0.604,0.674,0.599,0.493,0.576,0.541,0.607,0.621,0.575,0.718,0.143,0.594,0.57,0.467,0.446,0.554,0.341,0.352,0.607,0.5,0.699,0.634,0.49,0.7,0.729,0.713,0.623,0.568,0.624,0.654,0.642,0.554,0.635,0.572,0.575,0.65,0.578,0.659,0.702,0.549,0.388,0.347,0.54,0.599,0.686,0.593,0.637,0.884,0.637,0.592,0.56,0.633,0.629,0.694,0.624,0.73,0.608,0.663,0.133,0.747,0.724,0.465,0.363,0.735,0.404,0.348,0.593,0.667,0.707,0.571,0.611,0.621,0.717,0.594,0.632,0.579,0.643,0.679,0.609,0.556,0.637,0.53,0.689,0.659,0.588,0.646,0.616,0.491,0.403,0.407,0.519,0.591,0.602,0.618,0.597,0.779,0.653,0.674,0.659,0.577,0.575,0.639,0.629,0.624,0.612,0.733,0.139,0.525,0.618,0.613,0.448,0.434,0.385,0.399,0.519,0.552,0.666,0.542,0.621,0.595,0.671,0.595,0.61,0.603,0.613,0.631,0.541,0.508,0.471,0.72,0.655,0.622,0.651,0.65,0.395,0.459,0.405,0.406,0.515,0.559,0.61,0.643,0.496,0.893,0.664,0.602,0.543,0.61,0.582,0.679,0.616,0.563,0.511,0.559,0.136,0.664,0.664,0.586,0.408,0.502,0.383,0.397,0.592,0.506,0.688,0.57,0.535,0.512,0.679,0.64,0.658,0.589,0.585,0.595,0.544,0.622,0.593,0.58,0.634,0.636,0.615,0.553,0.672,0.623,0.383,0.394,0.506,0.497,0.628,0.643,0.653,0.932,0.68,0.547,0.594,0.535,0.61,0.61,0.59,0.648,0.551,0.677,0.135,0.612,0.594,0.594,0.539,0.591,0.344,0.413,0.541,0.488,0.678,0.593,0.623,0.598,0.694,0.431,0.607,0.579,0.633,0.644,0.561,0.515,0.596,0.623,0.71,0.583,0.497,0.493,0.638,0.643,0.42,0.392,0.455,0.531,0.573,0.555,0.501,0.84,0.595,0.62,0.508,0.588,0.601,0.564,0.578,0.617,0.591,0.688,0.137,0.509,0.647,0.517,0.554,0.589,0.368,0.368,0.384,0.45,0.654,0.533,0.552,0.397,0.658,0.534,0.582,0.514,0.506,0.689,0.544,0.593,0.386,0.588,0.635,0.559,0.395,0.469,0.478,0.377,0.355,0.342,0.354,0.338,0.458,0.335,0.33,0.651,0.431,0.31,0.336,0.434,0.376,0.358,0.361,0.311,0.347,0.392,0.165,0.389,0.398,0.338,0.276,0.328,0.319
8:00:00,37,0.433,0.502,0.41,0.546,0.394,0.422,0.399,0.519,0.384,0.438,0.39,0.476,0.395,0.407,0.352,0.37,0.374,0.387,0.36,0.393,0.41,0.395,0.341,0.387,0.439,0.457,0.611,0.707,0.609,0.67,0.921,0.683,0.53,0.677,0.743,0.668,0.599,0.597,0.625,0.642,0.665,0.204,0.55,0.578,0.661,0.587,0.376,0.408,0.427,0.633,0.635,0.804,0.584,0.641,0.585,0.763,0.574,0.67,0.547,0.717,0.525,0.64,0.597,0.631,0.692,0.681,0.595,0.576,0.623,0.675,0.437,0.4,0.407,0.506,0.617,0.706,0.564,0.63,0.927,0.688,0.587,0.555,0.717,0.68,0.659,0.498,0.597,0.628,0.716,0.231,0.621,0.613,0.576,0.54,0.493,0.38,0.42,0.644,0.608,0.747,0.691,0.63,0.597,0.783,0.616,0.646,0.576,0.718,0.549,0.591,0.626,0.575,0.692,0.624,0.595,0.643,0.658,0.671,0.571,0.442,0.4,0.585,0.635,0.724,0.608,0.681,0.667,0.695,0.567,0.642,0.834,0.687,0.638,0.626,0.641,0.695,0.739,0.287,0.559,0.66,0.553,0.598,0.63,0.4,0.436,0.652,0.642,0.764,0.658,0.67,0.697,0.764,0.574,0.673,0.638,0.736,0.612,0.653,0.606,0.637,0.687,0.686,0.598,0.601,0.636,0.666,0.503,0.445,0.453,0.534,0.624,0.653,0.594,0.66,0.833,0.707,0.664,0.717,0.755,0.658,0.667,0.623,0.609,0.63,0.717,0.184,0.612,0.587,0.678,0.522,0.511,0.417,0.439,0.59,0.591,0.721,0.63,0.655,0.6,0.734,0.597,0.683,0.618,0.652,0.561,0.542,0.537,0.62,0.626,0.588,0.58,0.562,0.64,0.656,0.495,0.465,0.479,0.564,0.612,0.704,0.612,0.628,0.88,0.712,0.599,0.616,0.77,0.676,0.618,0.577,0.626,0.634,0.675,0.207,0.609,0.635,0.602,0.598,0.546,0.383,0.443,0.606,0.632,0.751,0.617,0.628,0.643,0.739,0.566,0.659,0.606,0.689,0.548,0.515,0.64,0.623,0.689,0.652,0.579,0.575,0.566,0.698,0.571,0.397,0.42,0.569,0.549,0.749,0.613,0.675,0.901,0.735,0.571,0.689,0.741,0.686,0.629,0.576,0.626,0.654,0.714,0.18,0.694,0.686,0.642,0.568,0.646,0.414,0.453,0.596,0.581,0.747,0.675,0.654,0.652,0.759,0.492,0.648,0.64,0.696,0.573,0.484,0.616,0.667,0.649,0.699,0.593,0.634,0.695,0.609,0.625,0.49,0.483,0.516,0.533,0.66,0.559,0.591,0.953,0.695,0.551,0.662,0.712,0.674,0.682,0.532,0.656,0.739,0.687,0.199,0.679,0.698,0.608,0.53,0.598,0.399,0.475,0.5,0.523,0.647,0.592,0.599,0.456,0.659,0.551,0.596,0.553,0.557,0.512,0.468,0.532,0.432,0.468,0.651,0.534,0.539,0.523,0.654,0.438,0.414,0.474,0.468,0.429,0.528,0.417,0.431,0.962,0.5,0.395,0.418,0.623,0.442,0.46,0.475,0.354,0.449,0.451,0.183,0.451,0.42,0.411,0.336,0.367,0.397
8:30:00,37,0.492,0.561,0.482,0.631,0.466,0.493,0.468,0.59,0.454,0.475,0.455,0.572,0.48,0.492,0.441,0.442,0.453,0.451,0.422,0.433,0.461,0.469,0.394,0.438,0.496,0.529,0.635,0.699,0.627,0.646,0.973,0.69,0.61,0.655,0.774,0.685,0.612,0.595,0.647,0.638,0.681,0.317,0.557,0.592,0.695,0.595,0.428,0.444,0.503,0.662,0.653,0.872,0.623,0.633,0.667,0.789,0.625,0.656,0.636,0.702,0.613,0.696,0.644,0.677,0.715,0.667,0.649,0.634,0.663,0.716,0.591,0.46,0.483,0.622,0.653,0.718,0.63,0.633,0.949,0.695,0.631,0.637,0.754,0.682,0.74,0.653,0.656,0.703,0.738,0.416,0.634,0.641,0.611,0.57,0.631,0.446,0.49,0.658,0.643,0.744,0.675,0.63,0.643,0.825,0.657,0.64,0.618,0.717,0.688,0.699,0.641,0.674,0.704,0.669,0.637,0.647,0.689,0.692,0.619,0.473,0.458,0.665,0.66,0.723,0.664,0.675,0.75,0.704,0.625,0.645,0.887,0.678,0.729,0.638,0.694,0.73,0.763,0.429,0.659,0.683,0.629,0.525,0.655,0.462,0.498,0.671,0.677,0.855,0.664,0.657,0.688,0.816,0.619,0.645,0.654,0.736,0.69,0.715,0.646,0.691,0.75,0.703,0.644,0.69,0.704,0.696,0.607,0.487,0.533,0.563,0.658,0.726,0.633,0.652,0.881,0.722,0.67,0.678,0.856,0.662,0.742,0.677,0.65,0.701,0.747,0.421,0.693,0.656,0.732,0.603,0.62,0.478,0.496,0.635,0.621,0.748,0.663,0.643,0.641,0.78,0.66,0.649,0.674,0.701,0.665,0.595,0.591,0.691,0.711,0.686,0.655,0.663,0.685,0.723,0.599,0.51,0.544,0.625,0.65,0.722,0.665,0.634,0.824,0.725,0.638,0.636,0.826,0.686,0.692,0.67,0.674,0.703,0.734,0.429,0.667,0.694,0.676,0.601,0.624,0.456,0.523,0.655,0.655,0.79,0.68,0.623,0.648,0.796,0.633,0.65,0.659,0.709,0.613,0.588,0.692,0.673,0.732,0.692,0.622,0.631,0.662,0.732,0.629,0.502,0.483,0.619,0.585,0.753,0.66,0.663,0.958,0.73,0.632,0.683,0.813,0.684,0.695,0.635,0.697,0.723,0.738,0.39,0.681,0.68,0.697,0.643,0.66,0.472,0.524,0.625,0.604,0.752,0.66,0.633,0.658,0.8,0.606,0.64,0.655,0.716,0.682,0.551,0.637,0.687,0.684,0.731,0.63,0.658,0.736,0.677,0.651,0.513,0.545,0.623,0.552,0.703,0.602,0.597,0.951,0.692,0.615,0.651,0.738,0.669,0.769,0.598,0.679,0.717,0.714,0.301,0.665,0.704,0.638,0.56,0.619,0.452,0.519,0.561,0.532,0.723,0.616,0.6,0.519,0.697,0.583,0.593,0.557,0.637,0.527,0.546,0.541,0.47,0.517,0.653,0.546,0.539,0.55,0.684,0.489,0.464,0.496,0.503,0.449,0.55,0.467,0.461,0.879,0.534,0.455,0.465,0.668,0.495,0.511,0.547,0.419,0.488,0.499,0.215,0.477,0.465,0.469,0.405,0.441,0.422
9:00:00,37,0.523,0.59,0.528,0.677,0.508,0.534,0.527,0.637,0.503,0.518,0.497,0.6,0.496,0.548,0.486,0.5,0.495,0.501,0.471,0.48,0.505,0.518,0.448,0.457,0.526,0.59,0.605,0.697,0.619,0.622,0.988,0.688,0.603,0.63,0.799,0.684,0.641,0.627,0.61,0.618,0.649,0.527,0.572,0.588,0.68,0.559,0.483,0.491,0.548,0.685,0.64,0.871,0.62,0.627,0.655,0.808,0.615,0.635,0.639,0.732,0.643,0.777,0.638,0.67,0.698,0.663,0.646,0.633,0.66,0.691,0.567,0.492,0.538,0.651,0.639,0.725,0.632,0.629,0.949,0.695,0.626,0.629,0.777,0.671,0.761,0.718,0.65,0.695,0.715,0.563,0.614,0.638,0.626,0.562,0.619,0.489,0.546,0.678,0.649,0.833,0.649,0.618,0.639,0.831,0.655,0.628,0.613,0.741,0.745,0.772,0.65,0.681,0.71,0.659,0.619,0.641,0.697,0.693,0.604,0.511,0.539,0.684,0.63,0.726,0.656,0.633,0.895,0.698,0.62,0.63,0.906,0.679,0.787,0.753,0.689,0.722,0.753,0.537,0.647,0.671,0.648,0.606,0.65,0.498,0.563,0.695,0.657,0.902,0.652,0.634,0.654,0.815,0.62,0.626,0.642,0.744,0.745,0.783,0.647,0.695,0.753,0.707,0.638,0.688,0.711,0.705,0.602,0.507,0.585,0.678,0.65,0.741,0.632,0.641,0.91,0.725,0.652,0.665,0.907,0.658,0.799,0.75,0.658,0.727,0.742,0.447,0.691,0.658,0.73,0.59,0.613,0.509,0.571,0.649,0.622,0.85,0.658,0.632,0.635,0.812,0.646,0.634,0.658,0.722,0.68,0.662,0.612,0.697,0.716,0.685,0.645,0.65,0.699,0.725,0.615,0.531,0.58,0.677,0.645,0.753,0.657,0.634,0.877,0.729,0.635,0.633,0.869,0.68,0.778,0.741,0.676,0.709,0.731,0.532,0.656,0.684,0.686,0.623,0.617,0.486,0.565,0.668,0.64,0.88,0.673,0.614,0.644,0.82,0.633,0.629,0.64,0.729,0.677,0.642,0.678,0.668,0.73,0.688,0.613,0.626,0.679,0.723,0.631,0.518,0.541,0.669,0.595,0.751,0.639,0.632,0.9,0.723,0.629,0.647,0.845,0.676,0.772,0.714,0.692,0.725,0.73,0.463,0.636,0.649,0.702,0.619,0.641,0.5,0.557,0.637,0.612,0.808,0.634,0.611,0.638,0.804,0.595,0.62,0.641,0.719,0.688,0.62,0.622,0.678,0.674,0.702,0.608,0.623,0.735,0.673,0.638,0.545,0.582,0.643,0.58,0.718,0.6,0.595,0.963,0.687,0.613,0.629,0.776,0.663,0.784,0.663,0.654,0.687,0.7,0.429,0.625,0.666,0.664,0.55,0.606,0.488,0.541,0.59,0.542,0.738,0.607,0.6,0.557,0.727,0.584,0.586,0.567,0.635,0.56,0.592,0.535,0.523,0.557,0.638,0.556,0.56,0.581,0.67,0.524,0.486,0.514,0.521,0.478,0.571,0.492,0.492,0.841,0.556,0.477,0.484,0.687,0.515,0.534,0.567,0.457,0.511,0.525,0.283,0.507,0.495,0.508,0.428,0.458,0.451
9:30:00,37,0.561,0.629,0.555,0.7,0.549,0.556,0.558,0.663,0.544,0.545,0.534,0.628,0.523,0.58,0.511,0.534,0.528,0.533,0.489,0.525,0.528,0.551,0.479,0.484,0.551,0.608,0.598,0.704,0.614,0.633,0.993,0.696,0.614,0.631,0.842,0.704,0.69,0.683,0.603,0.627,0.654,0.484,0.582,0.6,0.677,0.566,0.533,0.526,0.576,0.705,0.641,0.871,0.622,0.639,0.653,0.836,0.616,0.641,0.639,0.736,0.675,0.775,0.625,0.669,0.7,0.675,0.634,0.626,0.673,0.699,0.578,0.521,0.561,0.675,0.632,0.733,0.622,0.638,0.995,0.701,0.62,0.621,0.806,0.689,0.775,0.719,0.64,0.708,0.716,0.51,0.606,0.638,0.644,0.565,0.612,0.522,0.574,0.694,0.643,0.83,0.657,0.628,0.635,0.829,0.644,0.638,0.616,0.751,0.776,0.782,0.647,0.686,0.72,0.672,0.601,0.644,0.705,0.694,0.599,0.542,0.572,0.697,0.626,0.733,0.646,0.637,1.013,0.709,0.617,0.633,0.861,0.691,0.804,0.765,0.681,0.729,0.755,0.543,0.631,0.674,0.664,0.604,0.651,0.526,0.597,0.713,0.646,0.899,0.655,0.643,0.658,0.818,0.619,0.635,0.646,0.743,0.785,0.808,0.638,0.691,0.755,0.714,0.62,0.671,0.711,0.71,0.603,0.533,0.611,0.699,0.641,0.749,0.632,0.648,0.989,0.732,0.656,0.676,0.85,0.664,0.817,0.77,0.661,0.732,0.736,0.515,0.673,0.656,0.731,0.588,0.618,0.535,0.607,0.661,0.624,0.852,0.661,0.642,0.632,0.818,0.642,0.639,0.655,0.72,0.74,0.753,0.622,0.694,0.719,0.694,0.633,0.648,0.713,0.73,0.625,0.561,0.602,0.713,0.637,0.752,0.646,0.647,0.943,0.736,0.634,0.634,0.878,0.686,0.795,0.761,0.672,0.711,0.735,0.538,0.642,0.686,0.697,0.618,0.617,0.523,0.591,0.682,0.632,0.891,0.672,0.628,0.647,0.831,0.636,0.636,0.63,0.734,0.712,0.733,0.661,0.662,0.731,0.687,0.601,0.623,0.683,0.723,0.624,0.544,0.574,0.693,0.601,0.75,0.629,0.639,1.012,0.727,0.63,0.648,0.822,0.685,0.793,0.754,0.683,0.719,0.729,0.539,0.638,0.662,0.706,0.606,0.636,0.524,0.578,0.649,0.612,0.824,0.644,0.619,0.642,0.815,0.596,0.626,0.639,0.722,0.745,0.686,0.609,0.685,0.67,0.701,0.585,0.619,0.728,0.679,0.632,0.566,0.603,0.665,0.589,0.725,0.601,0.606,1.057,0.693,0.613,0.632,0.81,0.67,0.805,0.718,0.649,0.689,0.7,0.567,0.619,0.677,0.69,0.555,0.597,0.516,0.555,0.614,0.55,0.765,0.606,0.618,0.591,0.743,0.587,0.596,0.575,0.661,0.608,0.633,0.53,0.546,0.605,0.642,0.562,0.571,0.627,0.668,0.544,0.508,0.549,0.549,0.505,0.594,0.517,0.532,0.931,0.575,0.499,0.513,0.708,0.526,0.571,0.607,0.492,0.548,0.552,0.332,0.536,0.527,0.531,0.456,0.478,0.489
10:00:00,37.1,0.586,0.65,0.579,0.716,0.572,0.585,0.581,0.679,0.572,0.562,0.56,0.642,0.543,0.611,0.538,0.563,0.554,0.572,0.525,0.551,0.557,0.578,0.51,0.502,0.579,0.622,0.603,0.717,0.625,0.648,1.042,0.71,0.625,0.64,0.863,0.718,0.716,0.714,0.611,0.639,0.667,0.481,0.593,0.611,0.687,0.559,0.575,0.546,0.59,0.723,0.645,0.87,0.63,0.651,0.66,0.837,0.627,0.651,0.652,0.744,0.724,0.807,0.631,0.678,0.716,0.701,0.641,0.635,0.686,0.699,0.589,0.542,0.578,0.689,0.636,0.742,0.629,0.65,1.074,0.714,0.631,0.632,0.808,0.702,0.794,0.759,0.645,0.723,0.72,0.495,0.612,0.651,0.669,0.564,0.618,0.541,0.587,0.716,0.65,0.829,0.666,0.638,0.64,0.83,0.652,0.652,0.629,0.762,0.81,0.804,0.658,0.692,0.737,0.69,0.6,0.656,0.711,0.7,0.607,0.564,0.59,0.701,0.626,0.741,0.655,0.644,1.055,0.72,0.628,0.641,0.855,0.697,0.824,0.796,0.688,0.74,0.764,0.531,0.632,0.684,0.69,0.604,0.655,0.544,0.608,0.729,0.647,0.906,0.66,0.652,0.661,0.82,0.632,0.643,0.657,0.747,0.816,0.83,0.649,0.697,0.76,0.73,0.626,0.676,0.716,0.721,0.615,0.554,0.622,0.706,0.645,0.756,0.642,0.655,1.052,0.745,0.664,0.683,0.837,0.677,0.841,0.79,0.673,0.739,0.741,0.539,0.682,0.661,0.734,0.58,0.626,0.548,0.622,0.674,0.633,0.845,0.671,0.653,0.636,0.818,0.647,0.65,0.665,0.722,0.783,0.784,0.632,0.699,0.728,0.712,0.638,0.656,0.726,0.729,0.641,0.579,0.614,0.725,0.638,0.755,0.65,0.66,1.072,0.748,0.645,0.646,0.853,0.697,0.824,0.78,0.679,0.719,0.742,0.522,0.645,0.699,0.71,0.609,0.626,0.542,0.606,0.698,0.634,0.895,0.686,0.641,0.654,0.834,0.651,0.648,0.635,0.742,0.765,0.76,0.663,0.668,0.735,0.695,0.602,0.632,0.697,0.73,0.631,0.561,0.593,0.694,0.611,0.752,0.632,0.65,1.076,0.737,0.64,0.659,0.829,0.688,0.816,0.772,0.687,0.722,0.735,0.525,0.644,0.674,0.718,0.607,0.644,0.542,0.593,0.664,0.619,0.836,0.653,0.627,0.649,0.815,0.605,0.634,0.644,0.726,0.787,0.727,0.616,0.693,0.68,0.709,0.582,0.623,0.733,0.691,0.634,0.588,0.619,0.675,0.601,0.734,0.612,0.614,1.048,0.702,0.626,0.64,0.803,0.674,0.826,0.749,0.654,0.697,0.711,0.524,0.628,0.687,0.716,0.558,0.599,0.545,0.584,0.638,0.558,0.777,0.614,0.633,0.612,0.768,0.599,0.611,0.579,0.674,0.631,0.664,0.541,0.567,0.642,0.662,0.575,0.583,0.659,0.682,0.558,0.522,0.56,0.567,0.525,0.613,0.546,0.561,1.012,0.597,0.525,0.537,0.721,0.54,0.596,0.626,0.519,0.57,0.588,0.355,0.56,0.544,0.559,0.484,0.501,0.494
10:30:00,37,0.605,0.675,0.596,0.734,0.594,0.604,0.598,0.694,0.588,0.574,0.577,0.669,0.579,0.652,0.562,0.587,0.585,0.604,0.547,0.567,0.588,0.609,0.53,0.522,0.592,0.632,0.617,0.735,0.638,0.661,1.089,0.722,0.64,0.647,0.892,0.727,0.745,0.737,0.624,0.654,0.69,0.479,0.612,0.625,0.707,0.569,0.579,0.564,0.6,0.741,0.655,0.872,0.644,0.664,0.671,0.839,0.641,0.658,0.666,0.75,0.763,0.827,0.645,0.692,0.741,0.731,0.649,0.642,0.711,0.71,0.602,0.567,0.589,0.701,0.646,0.751,0.64,0.665,1.128,0.726,0.64,0.645,0.836,0.707,0.817,0.783,0.659,0.739,0.738,0.497,0.619,0.663,0.692,0.574,0.63,0.556,0.6,0.733,0.656,0.832,0.674,0.652,0.651,0.832,0.662,0.663,0.647,0.772,0.838,0.825,0.672,0.702,0.765,0.718,0.61,0.665,0.729,0.722,0.621,0.578,0.597,0.707,0.633,0.75,0.666,0.653,1.092,0.729,0.641,0.652,0.86,0.7,0.845,0.828,0.701,0.751,0.786,0.527,0.641,0.691,0.714,0.611,0.657,0.555,0.613,0.744,0.656,0.915,0.669,0.664,0.668,0.823,0.649,0.652,0.666,0.754,0.843,0.856,0.663,0.705,0.779,0.756,0.636,0.684,0.728,0.74,0.634,0.57,0.628,0.712,0.654,0.765,0.656,0.668,1.108,0.756,0.671,0.689,0.862,0.686,0.862,0.806,0.683,0.749,0.758,0.528,0.694,0.674,0.748,0.588,0.64,0.565,0.626,0.691,0.642,0.848,0.684,0.666,0.646,0.82,0.656,0.659,0.671,0.727,0.816,0.811,0.643,0.705,0.746,0.736,0.644,0.666,0.744,0.74,0.661,0.596,0.628,0.736,0.643,0.759,0.658,0.679,1.12,0.763,0.657,0.661,0.859,0.7,0.851,0.797,0.689,0.731,0.761,0.52,0.65,0.709,0.731,0.612,0.632,0.554,0.614,0.714,0.638,0.898,0.701,0.655,0.666,0.838,0.668,0.659,0.639,0.749,0.811,0.785,0.672,0.675,0.755,0.717,0.61,0.643,0.714,0.747,0.642,0.58,0.606,0.698,0.62,0.758,0.639,0.661,1.111,0.742,0.651,0.665,0.829,0.688,0.84,0.801,0.694,0.729,0.757,0.52,0.65,0.679,0.733,0.614,0.649,0.552,0.607,0.674,0.626,0.835,0.661,0.638,0.658,0.817,0.62,0.643,0.65,0.734,0.82,0.754,0.629,0.706,0.701,0.727,0.583,0.626,0.751,0.708,0.642,0.604,0.631,0.684,0.609,0.741,0.625,0.629,1.11,0.71,0.638,0.646,0.825,0.676,0.853,0.777,0.664,0.706,0.735,0.52,0.635,0.696,0.745,0.567,0.604,0.562,0.593,0.654,0.57,0.786,0.628,0.653,0.629,0.781,0.612,0.625,0.586,0.679,0.649,0.688,0.552,0.581,0.67,0.691,0.584,0.593,0.689,0.709,0.575,0.552,0.58,0.585,0.544,0.631,0.563,0.578,1.01,0.613,0.544,0.552,0.741,0.553,0.633,0.647,0.542,0.588,0.621,0.38,0.573,0.559,0.588,0.5,0.523,0.527
11:00:00,37,0.633,0.701,0.611,0.748,0.607,0.616,0.605,0.71,0.602,0.591,0.581,0.682,0.613,0.689,0.58,0.603,0.622,0.642,0.557,0.578,0.621,0.645,0.551,0.542,0.612,0.651,0.633,0.748,0.652,0.675,1.111,0.733,0.657,0.659,0.887,0.739,0.772,0.76,0.636,0.669,0.716,0.48,0.629,0.639,0.727,0.582,0.609,0.58,0.613,0.757,0.67,0.879,0.66,0.68,0.682,0.841,0.654,0.669,0.674,0.765,0.798,0.856,0.663,0.709,0.77,0.755,0.657,0.651,0.736,0.722,0.613,0.588,0.606,0.716,0.66,0.77,0.652,0.681,1.146,0.736,0.649,0.656,0.856,0.714,0.845,0.801,0.675,0.755,0.756,0.496,0.627,0.673,0.719,0.589,0.64,0.571,0.61,0.75,0.668,0.837,0.684,0.667,0.662,0.832,0.67,0.679,0.661,0.79,0.862,0.85,0.693,0.71,0.793,0.746,0.616,0.675,0.754,0.742,0.632,0.598,0.61,0.718,0.64,0.761,0.678,0.662,1.117,0.739,0.653,0.662,0.873,0.704,0.869,0.834,0.715,0.763,0.802,0.514,0.647,0.7,0.743,0.627,0.666,0.569,0.625,0.758,0.667,0.927,0.679,0.68,0.676,0.827,0.663,0.664,0.674,0.765,0.869,0.882,0.681,0.717,0.808,0.778,0.646,0.689,0.747,0.758,0.647,0.59,0.641,0.721,0.666,0.772,0.671,0.683,1.129,0.757,0.68,0.695,0.836,0.693,0.886,0.828,0.701,0.763,0.785,0.526,0.704,0.687,0.762,0.6,0.653,0.579,0.636,0.7,0.658,0.854,0.698,0.681,0.658,0.825,0.662,0.67,0.676,0.736,0.849,0.835,0.658,0.718,0.772,0.762,0.651,0.674,0.768,0.755,0.678,0.619,0.638,0.75,0.656,0.767,0.667,0.697,1.137,0.773,0.667,0.674,0.851,0.705,0.879,0.82,0.701,0.746,0.787,0.515,0.654,0.718,0.752,0.622,0.64,0.567,0.624,0.727,0.647,0.904,0.713,0.671,0.679,0.842,0.681,0.673,0.643,0.761,0.85,0.807,0.684,0.686,0.781,0.742,0.621,0.653,0.738,0.762,0.65,0.601,0.623,0.706,0.635,0.767,0.649,0.673,1.123,0.747,0.66,0.67,0.831,0.692,0.866,0.822,0.705,0.74,0.773,0.513,0.657,0.686,0.755,0.619,0.657,0.563,0.62,0.688,0.643,0.838,0.671,0.653,0.667,0.819,0.632,0.653,0.655,0.742,0.849,0.78,0.642,0.72,0.728,0.741,0.588,0.63,0.761,0.733,0.649,0.623,0.64,0.697,0.618,0.751,0.638,0.643,1.132,0.719,0.646,0.654,0.841,0.683,0.882,0.789,0.676,0.716,0.76,0.501,0.641,0.704,0.77,0.578,0.611,0.583,0.612,0.669,0.577,0.789,0.643,0.662,0.639,0.788,0.628,0.632,0.597,0.687,0.67,0.713,0.568,0.594,0.7,0.71,0.601,0.607,0.716,0.734,0.585,0.588,0.597,0.604,0.558,0.648,0.576,0.591,1.006,0.624,0.56,0.566,0.749,0.567,0.668,0.666,0.553,0.604,0.659,0.383,0.58,0.574,0.619,0.516,0.54,0.523
11:30:00,37,0.652,0.722,0.622,0.764,0.623,0.632,0.63,0.725,0.625,0.61,0.597,0.693,0.643,0.724,0.597,0.616,0.66,0.674,0.57,0.598,0.656,0.672,0.566,0.561,0.624,0.666,0.645,0.759,0.666,0.687,1.11,0.742,0.669,0.672,0.877,0.751,0.798,0.769,0.649,0.687,0.739,0.476,0.642,0.65,0.736,0.596,0.624,0.592,0.623,0.775,0.684,0.885,0.674,0.692,0.694,0.84,0.665,0.683,0.682,0.776,0.826,0.878,0.678,0.724,0.797,0.773,0.669,0.661,0.752,0.732,0.624,0.608,0.622,0.735,0.674,0.787,0.665,0.696,1.152,0.745,0.661,0.67,0.87,0.722,0.872,0.828,0.691,0.773,0.768,0.493,0.638,0.684,0.744,0.596,0.65,0.583,0.623,0.768,0.683,0.845,0.697,0.681,0.674,0.829,0.679,0.695,0.672,0.803,0.887,0.872,0.708,0.725,0.809,0.767,0.624,0.688,0.773,0.754,0.644,0.623,0.63,0.732,0.653,0.77,0.691,0.671,1.121,0.747,0.667,0.675,0.872,0.709,0.895,0.845,0.728,0.778,0.81,0.521,0.656,0.711,0.769,0.639,0.677,0.577,0.641,0.773,0.681,0.938,0.693,0.696,0.687,0.826,0.676,0.68,0.686,0.77,0.894,0.901,0.694,0.73,0.831,0.794,0.656,0.698,0.765,0.769,0.658,0.614,0.656,0.733,0.681,0.789,0.686,0.697,1.133,0.771,0.692,0.703,0.852,0.702,0.911,0.837,0.715,0.776,0.801,0.515,0.714,0.698,0.771,0.608,0.663,0.598,0.651,0.717,0.674,0.861,0.713,0.695,0.671,0.822,0.671,0.685,0.684,0.745,0.881,0.857,0.678,0.729,0.796,0.784,0.66,0.685,0.792,0.771,0.691,0.64,0.656,0.765,0.67,0.783,0.679,0.714,1.14,0.787,0.677,0.69,0.871,0.712,0.903,0.832,0.716,0.755,0.806,0.51,0.664,0.729,0.774,0.63,0.647,0.582,0.643,0.744,0.657,0.91,0.727,0.688,0.691,0.844,0.696,0.691,0.65,0.772,0.883,0.826,0.696,0.698,0.8,0.758,0.629,0.664,0.761,0.77,0.663,0.621,0.631,0.717,0.65,0.782,0.661,0.681,1.124,0.753,0.672,0.68,0.837,0.698,0.892,0.826,0.716,0.75,0.783,0.507,0.665,0.695,0.773,0.627,0.663,0.577,0.637,0.705,0.656,0.845,0.687,0.667,0.676,0.814,0.644,0.667,0.663,0.744,0.876,0.805,0.656,0.734,0.751,0.748,0.591,0.639,0.769,0.749,0.66,0.64,0.655,0.712,0.635,0.771,0.65,0.655,1.135,0.727,0.66,0.665,0.84,0.691,0.903,0.801,0.69,0.727,0.775,0.5,0.653,0.714,0.784,0.588,0.619,0.595,0.631,0.682,0.586,0.801,0.656,0.672,0.649,0.792,0.639,0.642,0.602,0.697,0.698,0.736,0.577,0.606,0.727,0.727,0.612,0.618,0.74,0.751,0.595,0.6,0.616,0.619,0.568,0.654,0.587,0.605,1.009,0.631,0.565,0.576,0.742,0.572,0.699,0.681,0.567,0.613,0.688,0.411,0.6,0.586,0.647,0.53,0.546,0.541
12:00:00,37,0.672,0.748,0.633,0.781,0.642,0.65,0.638,0.742,0.639,0.634,0.616,0.699,0.677,0.754,0.619,0.635,0.69,0.702,0.586,0.612,0.688,0.705,0.586,0.583,0.638,0.681,0.657,0.772,0.677,0.693,1.106,0.745,0.68,0.683,0.868,0.759,0.82,0.776,0.663,0.702,0.755,0.493,0.651,0.665,0.742,0.608,0.634,0.602,0.638,0.79,0.694,0.89,0.688,0.701,0.706,0.84,0.675,0.693,0.694,0.777,0.863,0.903,0.693,0.739,0.813,0.774,0.686,0.676,0.76,0.733,0.634,0.628,0.632,0.755,0.688,0.8,0.68,0.708,1.154,0.75,0.673,0.686,0.86,0.727,0.892,0.835,0.707,0.792,0.773,0.508,0.652,0.699,0.756,0.612,0.66,0.591,0.639,0.782,0.696,0.852,0.708,0.694,0.687,0.825,0.69,0.705,0.685,0.804,0.908,0.896,0.722,0.74,0.815,0.779,0.637,0.702,0.782,0.755,0.655,0.64,0.637,0.751,0.667,0.774,0.707,0.674,1.119,0.745,0.68,0.689,0.861,0.712,0.917,0.853,0.745,0.792,0.812,0.538,0.665,0.72,0.785,0.651,0.692,0.591,0.656,0.789,0.694,0.944,0.708,0.71,0.698,0.822,0.688,0.688,0.697,0.77,0.919,0.919,0.71,0.745,0.841,0.799,0.671,0.711,0.776,0.768,0.67,0.633,0.672,0.746,0.694,0.809,0.702,0.709,1.135,0.782,0.703,0.709,0.862,0.711,0.93,0.848,0.728,0.791,0.809,0.521,0.728,0.712,0.775,0.62,0.672,0.605,0.67,0.731,0.688,0.864,0.728,0.704,0.684,0.819,0.679,0.693,0.694,0.746,0.906,0.884,0.69,0.741,0.81,0.798,0.672,0.699,0.807,0.778,0.704,0.659,0.673,0.78,0.683,0.793,0.69,0.727,1.138,0.794,0.689,0.705,0.876,0.718,0.913,0.838,0.729,0.767,0.816,0.519,0.676,0.74,0.791,0.641,0.655,0.593,0.656,0.762,0.668,0.914,0.742,0.699,0.701,0.845,0.709,0.702,0.66,0.77,0.908,0.852,0.71,0.711,0.808,0.769,0.641,0.675,0.779,0.772,0.675,0.643,0.644,0.732,0.66,0.793,0.674,0.683,1.121,0.753,0.683,0.691,0.841,0.704,0.912,0.836,0.73,0.763,0.786,0.517,0.674,0.704,0.785,0.639,0.67,0.586,0.654,0.717,0.667,0.849,0.702,0.674,0.683,0.809,0.658,0.676,0.672,0.742,0.9,0.824,0.669,0.753,0.766,0.75,0.598,0.65,0.774,0.751,0.672,0.661,0.672,0.722,0.648,0.785,0.667,0.663,1.134,0.729,0.673,0.676,0.833,0.696,0.919,0.812,0.704,0.737,0.779,0.511,0.663,0.724,0.8,0.598,0.628,0.615,0.648,0.693,0.599,0.808,0.667,0.684,0.661,0.794,0.65,0.654,0.608,0.701,0.728,0.755,0.588,0.618,0.752,0.743,0.622,0.628,0.763,0.765,0.605,0.627,0.627,0.634,0.581,0.669,0.599,0.62,0.997,0.656,0.581,0.594,0.735,0.582,0.726,0.696,0.579,0.629,0.711,0.415,0.606,0.598,0.681,0.549,0.561,0.557
12:30:00,37,0.693,0.771,0.656,0.8,0.658,0.669,0.658,0.755,0.663,0.645,0.64,0.726,0.714,0.786,0.634,0.658,0.722,0.726,0.599,0.631,0.722,0.73,0.602,0.597,0.652,0.695,0.67,0.78,0.687,0.696,1.104,0.747,0.69,0.692,0.86,0.765,0.838,0.793,0.672,0.714,0.769,0.502,0.662,0.678,0.749,0.616,0.645,0.624,0.658,0.806,0.703,0.885,0.699,0.71,0.715,0.835,0.685,0.699,0.705,0.772,0.888,0.918,0.707,0.752,0.825,0.774,0.698,0.687,0.768,0.733,0.646,0.645,0.658,0.768,0.699,0.809,0.693,0.717,1.157,0.748,0.684,0.696,0.854,0.733,0.907,0.845,0.721,0.806,0.774,0.522,0.661,0.708,0.757,0.625,0.673,0.606,0.659,0.798,0.708,0.863,0.717,0.704,0.695,0.82,0.702,0.713,0.696,0.802,0.936,0.91,0.736,0.753,0.822,0.781,0.648,0.711,0.785,0.754,0.667,0.659,0.653,0.765,0.679,0.776,0.721,0.68,1.119,0.746,0.691,0.698,0.856,0.712,0.932,0.874,0.76,0.801,0.812,0.55,0.672,0.725,0.79,0.666,0.703,0.607,0.672,0.803,0.707,0.947,0.721,0.717,0.704,0.815,0.703,0.69,0.707,0.768,0.942,0.927,0.726,0.757,0.848,0.801,0.682,0.728,0.784,0.77,0.686,0.655,0.683,0.759,0.707,0.823,0.715,0.715,1.139,0.781,0.713,0.713,0.864,0.717,0.943,0.855,0.743,0.805,0.812,0.537,0.745,0.726,0.777,0.632,0.685,0.619,0.683,0.743,0.699,0.868,0.742,0.71,0.694,0.814,0.689,0.699,0.702,0.741,0.939,0.907,0.703,0.753,0.821,0.809,0.685,0.711,0.815,0.778,0.715,0.682,0.686,0.796,0.693,0.805,0.704,0.737,1.138,0.796,0.702,0.716,0.876,0.721,0.929,0.848,0.745,0.779,0.82,0.53,0.688,0.751,0.796,0.652,0.663,0.602,0.672,0.774,0.676,0.916,0.757,0.71,0.708,0.838,0.724,0.706,0.669,0.768,0.934,0.875,0.723,0.721,0.816,0.774,0.653,0.686,0.792,0.77,0.686,0.663,0.664,0.739,0.669,0.804,0.686,0.69,1.124,0.752,0.694,0.698,0.835,0.707,0.924,0.847,0.744,0.781,0.787,0.531,0.679,0.709,0.788,0.649,0.681,0.597,0.667,0.73,0.678,0.854,0.71,0.682,0.689,0.805,0.671,0.682,0.68,0.737,0.928,0.854,0.682,0.766,0.772,0.749,0.61,0.657,0.781,0.751,0.682,0.687,0.684,0.733,0.658,0.793,0.678,0.671,1.136,0.729,0.685,0.684,0.822,0.699,0.934,0.827,0.715,0.75,0.784,0.523,0.67,0.73,0.803,0.608,0.636,0.624,0.669,0.707,0.608,0.81,0.678,0.696,0.669,0.791,0.662,0.664,0.618,0.706,0.76,0.775,0.598,0.629,0.777,0.753,0.631,0.639,0.785,0.774,0.615,0.646,0.653,0.653,0.598,0.695,0.62,0.636,0.992,0.669,0.593,0.609,0.733,0.598,0.752,0.72,0.595,0.652,0.744,0.439,0.623,0.616,0.713,0.562,0.571,0.58
13:00:00,37,0.72,0.791,0.672,0.816,0.679,0.688,0.674,0.768,0.682,0.665,0.657,0.735,0.751,0.813,0.648,0.676,0.756,0.748,0.612,0.649,0.758,0.752,0.617,0.623,0.67,0.707,0.682,0.786,0.695,0.701,1.107,0.75,0.699,0.701,0.852,0.769,0.853,0.808,0.684,0.726,0.778,0.509,0.673,0.689,0.755,0.625,0.656,0.632,0.672,0.821,0.712,0.88,0.708,0.719,0.719,0.83,0.694,0.702,0.711,0.767,0.924,0.932,0.719,0.762,0.832,0.771,0.705,0.695,0.772,0.734,0.659,0.665,0.665,0.78,0.709,0.814,0.701,0.723,1.16,0.75,0.69,0.701,0.849,0.731,0.916,0.861,0.731,0.806,0.775,0.532,0.667,0.711,0.749,0.636,0.685,0.619,0.669,0.814,0.717,0.853,0.722,0.713,0.699,0.818,0.709,0.718,0.704,0.797,0.956,0.919,0.747,0.766,0.829,0.778,0.655,0.72,0.789,0.752,0.681,0.681,0.664,0.776,0.687,0.778,0.729,0.687,1.123,0.746,0.699,0.703,0.852,0.71,0.941,0.883,0.769,0.808,0.811,0.562,0.685,0.729,0.795,0.68,0.709,0.625,0.682,0.815,0.717,0.942,0.727,0.726,0.704,0.811,0.711,0.694,0.707,0.763,0.97,0.942,0.738,0.766,0.855,0.8,0.696,0.741,0.79,0.765,0.696,0.674,0.697,0.766,0.716,0.834,0.726,0.727,1.143,0.782,0.72,0.719,0.856,0.718,0.958,0.869,0.754,0.818,0.812,0.547,0.757,0.737,0.779,0.646,0.698,0.634,0.697,0.754,0.708,0.864,0.751,0.719,0.699,0.809,0.694,0.705,0.706,0.733,0.963,0.924,0.713,0.761,0.827,0.807,0.692,0.716,0.82,0.778,0.727,0.703,0.703,0.805,0.702,0.81,0.712,0.746,1.139,0.798,0.709,0.723,0.865,0.72,0.951,0.865,0.757,0.787,0.819,0.537,0.693,0.755,0.797,0.665,0.671,0.615,0.685,0.787,0.684,0.92,0.764,0.719,0.713,0.833,0.735,0.712,0.673,0.764,0.958,0.895,0.732,0.729,0.821,0.773,0.661,0.694,0.795,0.769,0.697,0.685,0.679,0.75,0.677,0.809,0.694,0.697,1.127,0.752,0.699,0.703,0.828,0.705,0.939,0.866,0.753,0.791,0.789,0.541,0.685,0.714,0.789,0.661,0.686,0.611,0.682,0.744,0.686,0.846,0.718,0.685,0.698,0.801,0.681,0.688,0.683,0.735,0.956,0.872,0.693,0.774,0.775,0.747,0.615,0.667,0.784,0.745,0.691,0.712,0.698,0.747,0.668,0.801,0.689,0.676,1.139,0.729,0.693,0.69,0.812,0.7,0.953,0.835,0.727,0.761,0.79,0.532,0.675,0.736,0.814,0.619,0.646,0.636,0.686,0.723,0.62,0.814,0.69,0.707,0.678,0.788,0.672,0.675,0.626,0.709,0.788,0.793,0.607,0.641,0.801,0.76,0.641,0.651,0.802,0.774,0.626,0.672,0.672,0.677,0.611,0.713,0.639,0.653,0.985,0.683,0.612,0.622,0.732,0.613,0.784,0.732,0.608,0.682,0.768,0.456,0.634,0.638,0.742,0.578,0.588,0.577
13:30:00,37,0.746,0.803,0.696,0.834,0.695,0.704,0.695,0.788,0.705,0.688,0.677,0.757,0.788,0.845,0.661,0.693,0.787,0.767,0.626,0.664,0.784,0.751,0.629,0.643,0.686,0.721,0.69,0.793,0.705,0.707,1.114,0.752,0.708,0.709,0.843,0.771,0.867,0.823,0.694,0.735,0.785,0.515,0.683,0.698,0.762,0.634,0.669,0.651,0.691,0.841,0.721,0.878,0.716,0.727,0.722,0.827,0.699,0.707,0.715,0.766,0.96,0.952,0.728,0.769,0.832,0.765,0.708,0.702,0.773,0.734,0.672,0.69,0.682,0.791,0.719,0.818,0.708,0.731,1.164,0.753,0.692,0.708,0.843,0.73,0.925,0.877,0.741,0.817,0.774,0.538,0.67,0.713,0.756,0.646,0.694,0.64,0.686,0.833,0.725,0.849,0.729,0.718,0.698,0.816,0.713,0.724,0.709,0.795,0.983,0.932,0.755,0.775,0.829,0.775,0.658,0.723,0.795,0.746,0.693,0.706,0.686,0.788,0.694,0.778,0.738,0.693,1.127,0.749,0.703,0.706,0.847,0.71,0.949,0.889,0.78,0.81,0.809,0.571,0.695,0.728,0.799,0.694,0.713,0.642,0.699,0.831,0.726,0.939,0.734,0.734,0.71,0.809,0.717,0.7,0.709,0.762,1.001,0.948,0.747,0.771,0.86,0.796,0.701,0.752,0.797,0.75,0.705,0.697,0.712,0.775,0.726,0.84,0.733,0.736,1.147,0.784,0.724,0.72,0.851,0.719,0.97,0.881,0.764,0.825,0.809,0.557,0.765,0.745,0.778,0.655,0.708,0.65,0.706,0.771,0.718,0.857,0.761,0.728,0.704,0.805,0.698,0.71,0.709,0.729,0.99,0.95,0.721,0.773,0.827,0.806,0.696,0.722,0.825,0.776,0.738,0.724,0.732,0.818,0.712,0.813,0.722,0.754,1.142,0.801,0.714,0.73,0.857,0.72,0.961,0.878,0.766,0.793,0.815,0.542,0.698,0.758,0.799,0.679,0.677,0.629,0.703,0.802,0.691,0.913,0.771,0.725,0.718,0.831,0.741,0.721,0.677,0.762,0.974,0.915,0.743,0.737,0.824,0.771,0.67,0.702,0.803,0.768,0.704,0.713,0.698,0.76,0.685,0.812,0.701,0.701,1.128,0.752,0.703,0.706,0.821,0.703,0.952,0.873,0.766,0.8,0.788,0.549,0.69,0.716,0.791,0.662,0.689,0.631,0.705,0.761,0.696,0.84,0.725,0.687,0.7,0.799,0.687,0.692,0.685,0.733,0.983,0.888,0.699,0.783,0.778,0.745,0.612,0.669,0.786,0.737,0.699,0.736,0.716,0.757,0.676,0.806,0.697,0.678,1.142,0.731,0.7,0.693,0.803,0.702,0.961,0.849,0.736,0.767,0.79,0.539,0.679,0.745,0.819,0.625,0.655,0.651,0.705,0.742,0.632,0.815,0.7,0.719,0.692,0.795,0.682,0.687,0.634,0.71,0.816,0.802,0.619,0.653,0.819,0.762,0.65,0.66,0.813,0.768,0.639,0.692,0.691,0.693,0.633,0.727,0.651,0.668,0.981,0.704,0.625,0.635,0.733,0.628,0.807,0.745,0.626,0.699,0.791,0.459,0.657,0.659,0.769,0.596,0.596,0.603
14:00:00,37,0.766,0.828,0.706,0.848,0.72,0.725,0.713,0.809,0.727,0.708,0.694,0.775,0.826,0.864,0.674,0.71,0.814,0.797,0.641,0.685,0.81,0.765,0.643,0.672,0.7,0.734,0.701,0.797,0.712,0.715,1.122,0.756,0.716,0.715,0.837,0.774,0.871,0.831,0.702,0.745,0.787,0.519,0.694,0.705,0.769,0.641,0.68,0.666,0.697,0.858,0.73,0.877,0.723,0.731,0.726,0.826,0.703,0.715,0.718,0.764,0.987,0.955,0.733,0.778,0.837,0.761,0.71,0.703,0.782,0.728,0.685,0.705,0.699,0.802,0.728,0.82,0.713,0.738,1.167,0.753,0.697,0.713,0.836,0.73,0.929,0.888,0.746,0.824,0.774,0.543,0.673,0.713,0.767,0.656,0.701,0.654,0.7,0.846,0.738,0.846,0.733,0.724,0.703,0.816,0.713,0.73,0.712,0.793,1.013,0.932,0.763,0.784,0.833,0.773,0.661,0.722,0.798,0.729,0.702,0.724,0.692,0.796,0.701,0.778,0.743,0.699,1.131,0.747,0.707,0.706,0.841,0.71,0.949,0.891,0.788,0.811,0.807,0.578,0.698,0.728,0.8,0.7,0.715,0.659,0.713,0.845,0.735,0.937,0.741,0.739,0.715,0.808,0.72,0.703,0.711,0.76,1.022,0.944,0.751,0.783,0.86,0.791,0.702,0.762,0.801,0.736,0.711,0.718,0.729,0.787,0.735,0.844,0.739,0.741,1.149,0.784,0.728,0.726,0.844,0.719,0.979,0.893,0.773,0.835,0.805,0.565,0.768,0.752,0.778,0.66,0.716,0.668,0.73,0.788,0.725,0.854,0.768,0.732,0.709,0.804,0.701,0.713,0.711,0.728,1.013,0.954,0.729,0.784,0.83,0.801,0.699,0.726,0.823,0.768,0.746,0.749,0.728,0.827,0.72,0.816,0.727,0.76,1.145,0.802,0.717,0.736,0.848,0.719,0.971,0.883,0.773,0.801,0.812,0.548,0.704,0.76,0.8,0.683,0.681,0.649,0.723,0.817,0.697,0.908,0.782,0.73,0.723,0.829,0.747,0.727,0.679,0.762,1.006,0.921,0.746,0.742,0.826,0.77,0.676,0.708,0.809,0.756,0.71,0.734,0.714,0.771,0.694,0.814,0.708,0.708,1.127,0.753,0.705,0.709,0.814,0.702,0.955,0.882,0.772,0.806,0.788,0.555,0.693,0.716,0.793,0.665,0.689,0.646,0.721,0.777,0.705,0.839,0.729,0.692,0.703,0.798,0.693,0.693,0.689,0.733,1.002,0.898,0.703,0.791,0.779,0.741,0.613,0.677,0.791,0.725,0.705,0.757,0.736,0.765,0.685,0.809,0.703,0.689,1.147,0.733,0.706,0.699,0.796,0.702,0.968,0.855,0.741,0.775,0.789,0.544,0.686,0.748,0.824,0.633,0.661,0.666,0.714,0.757,0.642,0.818,0.709,0.729,0.703,0.793,0.69,0.696,0.641,0.71,0.84,0.811,0.629,0.667,0.834,0.76,0.66,0.672,0.827,0.762,0.652,0.722,0.707,0.709,0.641,0.741,0.669,0.683,0.982,0.717,0.646,0.651,0.735,0.638,0.827,0.763,0.642,0.721,0.804,0.469,0.672,0.68,0.792,0.605,0.607,0.641
14:30:00,37,0.772,0.851,0.726,0.866,0.733,0.748,0.724,0.825,0.746,0.727,0.711,0.789,0.86,0.893,0.691,0.734,0.839,0.801,0.662,0.702,0.835,0.774,0.659,0.685,0.72,0.75,0.709,0.802,0.718,0.728,1.126,0.759,0.722,0.722,0.833,0.776,0.88,0.839,0.71,0.755,0.794,0.529,0.703,0.717,0.767,0.651,0.696,0.681,0.72,0.874,0.739,0.875,0.73,0.738,0.73,0.826,0.706,0.718,0.717,0.763,1.006,0.958,0.739,0.785,0.84,0.758,0.712,0.707,0.789,0.712,0.696,0.732,0.709,0.814,0.736,0.823,0.719,0.744,1.169,0.751,0.701,0.716,0.829,0.726,0.931,0.891,0.751,0.826,0.774,0.548,0.673,0.715,0.767,0.66,0.708,0.67,0.712,0.86,0.744,0.844,0.737,0.73,0.707,0.816,0.715,0.735,0.714,0.793,1.017,0.927,0.769,0.792,0.832,0.767,0.664,0.727,0.8,0.716,0.709,0.746,0.713,0.807,0.706,0.777,0.748,0.707,1.138,0.746,0.71,0.709,0.835,0.711,0.946,0.89,0.792,0.81,0.804,0.583,0.697,0.729,0.805,0.702,0.72,0.673,0.728,0.861,0.741,0.937,0.745,0.744,0.718,0.807,0.724,0.705,0.711,0.76,1.039,0.943,0.755,0.791,0.862,0.787,0.706,0.773,0.807,0.725,0.719,0.735,0.741,0.794,0.742,0.848,0.746,0.745,1.153,0.782,0.733,0.732,0.836,0.717,0.982,0.9,0.78,0.841,0.802,0.57,0.767,0.749,0.776,0.663,0.724,0.684,0.742,0.803,0.733,0.852,0.774,0.738,0.713,0.804,0.703,0.718,0.713,0.727,1.035,0.963,0.736,0.789,0.833,0.799,0.7,0.73,0.825,0.752,0.754,0.774,0.75,0.837,0.727,0.816,0.732,0.767,1.146,0.8,0.72,0.741,0.841,0.72,0.973,0.887,0.779,0.804,0.808,0.554,0.708,0.761,0.8,0.685,0.685,0.665,0.739,0.833,0.705,0.906,0.787,0.734,0.727,0.829,0.75,0.731,0.681,0.762,1.012,0.923,0.751,0.748,0.825,0.768,0.679,0.712,0.813,0.742,0.715,0.76,0.727,0.781,0.702,0.814,0.713,0.712,1.128,0.754,0.709,0.709,0.807,0.703,0.955,0.886,0.776,0.811,0.784,0.56,0.698,0.718,0.794,0.669,0.695,0.663,0.73,0.79,0.712,0.839,0.735,0.701,0.707,0.797,0.698,0.695,0.69,0.733,1.024,0.908,0.707,0.798,0.782,0.736,0.616,0.679,0.796,0.707,0.71,0.778,0.748,0.779,0.693,0.813,0.711,0.695,1.149,0.732,0.709,0.698,0.79,0.702,0.972,0.862,0.748,0.78,0.787,0.548,0.69,0.751,0.828,0.637,0.668,0.684,0.732,0.765,0.653,0.818,0.718,0.738,0.714,0.794,0.698,0.704,0.65,0.709,0.863,0.82,0.641,0.681,0.847,0.76,0.668,0.679,0.836,0.763,0.664,0.739,0.716,0.721,0.651,0.757,0.689,0.701,0.985,0.73,0.667,0.668,0.731,0.652,0.847,0.777,0.658,0.739,0.817,0.486,0.688,0.694,0.809,0.62,0.615,0.647
15:00:00,37.1,0.794,0.846,0.748,0.882,0.754,0.766,0.743,0.838,0.761,0.741,0.723,0.801,0.893,0.917,0.707,0.746,0.86,0.809,0.678,0.714,0.852,0.785,0.673,0.703,0.732,0.764,0.717,0.806,0.725,0.738,1.131,0.761,0.725,0.73,0.826,0.778,0.886,0.846,0.717,0.762,0.801,0.53,0.711,0.725,0.771,0.658,0.704,0.695,0.729,0.888,0.745,0.874,0.733,0.744,0.732,0.824,0.709,0.724,0.719,0.764,1.046,0.958,0.74,0.793,0.842,0.754,0.72,0.714,0.789,0.696,0.703,0.755,0.724,0.825,0.742,0.823,0.725,0.749,1.17,0.75,0.703,0.719,0.823,0.726,0.929,0.897,0.755,0.831,0.773,0.548,0.676,0.714,0.767,0.665,0.715,0.689,0.727,0.872,0.751,0.841,0.738,0.733,0.708,0.816,0.715,0.738,0.715,0.792,1.039,0.924,0.771,0.799,0.831,0.766,0.662,0.729,0.803,0.701,0.715,0.763,0.733,0.813,0.711,0.776,0.75,0.709,1.141,0.745,0.714,0.709,0.829,0.711,0.941,0.889,0.793,0.81,0.803,0.584,0.7,0.732,0.805,0.704,0.724,0.691,0.745,0.872,0.746,0.937,0.747,0.75,0.721,0.807,0.727,0.711,0.709,0.758,1.058,0.944,0.757,0.795,0.866,0.782,0.707,0.779,0.812,0.716,0.725,0.76,0.759,0.802,0.748,0.848,0.75,0.749,1.153,0.781,0.734,0.731,0.83,0.718,0.981,0.899,0.784,0.846,0.801,0.574,0.769,0.748,0.774,0.662,0.73,0.703,0.756,0.814,0.74,0.852,0.779,0.745,0.715,0.802,0.708,0.719,0.712,0.726,1.049,0.963,0.741,0.793,0.834,0.799,0.701,0.731,0.825,0.738,0.759,0.8,0.768,0.847,0.734,0.816,0.736,0.771,1.149,0.8,0.722,0.744,0.833,0.721,0.972,0.886,0.781,0.803,0.805,0.556,0.71,0.764,0.799,0.687,0.69,0.683,0.757,0.844,0.713,0.905,0.792,0.74,0.73,0.828,0.756,0.736,0.682,0.761,1.024,0.927,0.753,0.754,0.826,0.765,0.682,0.716,0.816,0.73,0.714,0.785,0.739,0.792,0.709,0.816,0.716,0.719,1.128,0.754,0.71,0.711,0.8,0.703,0.956,0.883,0.779,0.813,0.78,0.564,0.704,0.721,0.794,0.671,0.7,0.677,0.747,0.802,0.72,0.839,0.739,0.706,0.705,0.795,0.703,0.701,0.689,0.732,1.022,0.911,0.709,0.801,0.787,0.731,0.617,0.678,0.8,0.698,0.715,0.796,0.767,0.792,0.703,0.815,0.718,0.7,1.154,0.73,0.714,0.703,0.782,0.702,0.978,0.872,0.751,0.781,0.787,0.547,0.694,0.751,0.829,0.645,0.672,0.703,0.755,0.783,0.662,0.822,0.727,0.747,0.722,0.797,0.704,0.713,0.657,0.712,0.878,0.823,0.652,0.694,0.862,0.758,0.676,0.688,0.844,0.769,0.677,0.765,0.732,0.732,0.67,0.771,0.702,0.718,0.986,0.744,0.683,0.683,0.734,0.667,0.87,0.792,0.673,0.758,0.837,0.489,0.703,0.716,0.817,0.631,0.625,0.675
15:30:00,37,0.808,0.877,0.757,0.896,0.763,0.785,0.75,0.85,0.772,0.756,0.741,0.815,0.94,0.941,0.722,0.769,0.875,0.82,0.697,0.737,0.866,0.801,0.689,0.729,0.749,0.776,0.724,0.809,0.732,0.743,1.126,0.762,0.73,0.736,0.822,0.781,0.895,0.852,0.726,0.773,0.808,0.528,0.72,0.735,0.773,0.665,0.723,0.715,0.745,0.9,0.752,0.873,0.743,0.751,0.733,0.822,0.712,0.729,0.721,0.764,1.046,0.958,0.746,0.799,0.845,0.752,0.722,0.717,0.79,0.684,0.712,0.774,0.742,0.836,0.747,0.822,0.73,0.754,1.171,0.748,0.704,0.722,0.818,0.725,0.93,0.896,0.761,0.834,0.771,0.546,0.678,0.712,0.764,0.666,0.714,0.708,0.746,0.884,0.757,0.84,0.739,0.737,0.708,0.812,0.716,0.742,0.715,0.791,1.025,0.927,0.774,0.804,0.83,0.766,0.665,0.728,0.804,0.695,0.721,0.792,0.744,0.828,0.716,0.775,0.753,0.71,1.143,0.743,0.715,0.709,0.825,0.713,0.939,0.888,0.797,0.811,0.8,0.586,0.7,0.733,0.808,0.706,0.727,0.709,0.764,0.882,0.75,0.936,0.75,0.754,0.724,0.806,0.729,0.716,0.706,0.758,1.06,0.945,0.756,0.799,0.869,0.779,0.709,0.786,0.817,0.713,0.728,0.781,0.773,0.814,0.754,0.849,0.756,0.753,1.152,0.779,0.735,0.731,0.824,0.717,0.978,0.9,0.787,0.849,0.8,0.575,0.775,0.754,0.772,0.665,0.737,0.721,0.772,0.824,0.746,0.851,0.782,0.75,0.716,0.801,0.707,0.722,0.71,0.725,1.047,0.969,0.744,0.794,0.834,0.795,0.702,0.732,0.83,0.728,0.759,0.821,0.78,0.859,0.739,0.813,0.739,0.776,1.157,0.798,0.725,0.748,0.827,0.722,0.967,0.886,0.781,0.804,0.803,0.556,0.713,0.765,0.797,0.69,0.694,0.698,0.772,0.859,0.719,0.905,0.795,0.745,0.733,0.828,0.759,0.74,0.683,0.761,1.05,0.927,0.756,0.757,0.827,0.761,0.684,0.717,0.822,0.723,0.72,0.8,0.744,0.803,0.716,0.816,0.72,0.724,1.129,0.755,0.711,0.712,0.794,0.705,0.955,0.884,0.78,0.817,0.775,0.564,0.708,0.726,0.792,0.671,0.701,0.693,0.765,0.817,0.727,0.838,0.742,0.711,0.708,0.794,0.705,0.703,0.688,0.731,1.025,0.914,0.712,0.806,0.785,0.727,0.617,0.68,0.802,0.691,0.72,0.813,0.783,0.801,0.71,0.816,0.724,0.706,1.157,0.731,0.717,0.709,0.776,0.705,0.978,0.877,0.756,0.788,0.783,0.546,0.697,0.754,0.829,0.649,0.679,0.718,0.766,0.795,0.673,0.818,0.735,0.757,0.732,0.796,0.711,0.722,0.663,0.713,0.894,0.827,0.662,0.706,0.867,0.759,0.685,0.697,0.85,0.775,0.687,0.773,0.76,0.752,0.687,0.786,0.72,0.732,0.981,0.757,0.695,0.701,0.736,0.676,0.89,0.809,0.686,0.776,0.84,0.491,0.717,0.737,0.831,0.645,0.641,0.692
16:00:00,37,0.833,0.906,0.78,0.902,0.786,0.799,0.779,0.858,0.788,0.773,0.75,0.831,0.962,0.952,0.738,0.784,0.896,0.818,0.716,0.758,0.869,0.805,0.702,0.752,0.764,0.788,0.731,0.813,0.737,0.749,1.131,0.763,0.736,0.744,0.818,0.783,0.89,0.855,0.734,0.779,0.798,0.525,0.726,0.738,0.772,0.664,0.738,0.733,0.758,0.913,0.758,0.872,0.748,0.758,0.733,0.823,0.713,0.733,0.72,0.764,1.07,0.957,0.754,0.807,0.847,0.753,0.728,0.723,0.789,0.678,0.721,0.796,0.767,0.848,0.753,0.822,0.733,0.759,1.17,0.747,0.705,0.724,0.813,0.724,0.931,0.895,0.765,0.837,0.769,0.54,0.683,0.713,0.756,0.671,0.725,0.727,0.764,0.896,0.763,0.84,0.741,0.743,0.708,0.812,0.718,0.744,0.715,0.791,1.047,0.93,0.778,0.809,0.829,0.754,0.667,0.732,0.804,0.692,0.728,0.809,0.754,0.839,0.721,0.774,0.754,0.711,1.144,0.742,0.715,0.709,0.821,0.713,0.936,0.887,0.799,0.817,0.797,0.582,0.702,0.735,0.806,0.706,0.73,0.723,0.784,0.895,0.758,0.935,0.752,0.759,0.725,0.805,0.73,0.721,0.706,0.758,1.058,0.946,0.758,0.801,0.872,0.777,0.713,0.793,0.817,0.712,0.734,0.801,0.787,0.826,0.761,0.851,0.759,0.758,1.153,0.778,0.736,0.731,0.819,0.718,0.975,0.9,0.792,0.853,0.798,0.573,0.778,0.757,0.77,0.667,0.742,0.74,0.789,0.837,0.752,0.851,0.787,0.756,0.719,0.8,0.704,0.725,0.709,0.726,1.055,0.969,0.749,0.797,0.833,0.791,0.703,0.733,0.832,0.722,0.766,0.84,0.791,0.869,0.744,0.814,0.743,0.781,1.155,0.798,0.724,0.752,0.822,0.722,0.963,0.885,0.786,0.807,0.8,0.553,0.714,0.768,0.795,0.691,0.698,0.718,0.786,0.867,0.724,0.904,0.798,0.751,0.736,0.826,0.759,0.745,0.682,0.761,1.056,0.925,0.759,0.76,0.827,0.758,0.685,0.722,0.825,0.719,0.727,0.819,0.767,0.812,0.722,0.818,0.724,0.729,1.127,0.756,0.711,0.715,0.791,0.706,0.954,0.881,0.784,0.82,0.771,0.559,0.71,0.729,0.789,0.672,0.703,0.709,0.778,0.826,0.732,0.835,0.746,0.718,0.71,0.792,0.71,0.704,0.69,0.73,1.031,0.916,0.715,0.812,0.783,0.726,0.615,0.683,0.804,0.687,0.725,0.823,0.798,0.815,0.718,0.816,0.73,0.711,1.159,0.731,0.721,0.712,0.772,0.706,0.98,0.878,0.763,0.797,0.782,0.541,0.703,0.759,0.829,0.652,0.686,0.737,0.782,0.812,0.683,0.818,0.743,0.767,0.741,0.799,0.719,0.732,0.67,0.715,0.913,0.826,0.672,0.721,0.874,0.758,0.693,0.706,0.855,0.786,0.696,0.789,0.775,0.766,0.705,0.808,0.737,0.751,0.972,0.774,0.711,0.717,0.738,0.698,0.901,0.826,0.703,0.792,0.84,0.503,0.733,0.752,0.845,0.664,0.661,0.691